engine_rpm_mean,engine_coolant_temp_c,oil_pressure_psi,hard_braking_events_per_100km,battery_voltage_v,odometer_reading_km_k,component_failure_risk
2772.864,94.592,45.961,0.0,15.2,124.569,1
2360.128,97.956,32.232,4.784,12.886,86.769,0
2870.998,95.112,37.612,2.842,13.595,43.945,1
3439.969,109.904,48.051,1.817,13.886,64.188,1
2297.8,78.668,48.257,4.043,12.936,100.428,0
2297.811,82.522,58.044,5.244,12.22,166.831,0
3476.488,81.183,41.013,0.0,13.611,63.219,1
2948.833,103.623,45.677,3.282,13.511,121.215,0
2144.842,104.606,36.747,0.0,13.45,70.237,0
2802.664,98.317,44.184,3.398,14.0,89.971,1
2148.778,108.569,47.274,2.73,15.087,153.193,1
2147.276,75.507,40.82,3.644,13.527,119.393,0
2607.275,115.341,20.355,1.601,13.953,29.142,0
1206.368,113.325,45.978,0.0,14.454,59.239,1
1328.803,102.299,46.375,1.689,14.299,141.53,0
2084.513,116.945,33.838,3.232,13.247,91.385,0
1791.66,68.807,26.587,4.328,13.887,33.302,1
2654.261,84.658,59.711,0.391,14.293,48.147,1
1859.784,81.706,47.897,4.349,12.784,116.657,0
1532.003,102.101,39.251,1.334,14.937,129.748,0
3402.672,77.298,28.356,3.152,15.088,85.803,1
2303.245,102.605,32.138,1.582,13.149,196.389,0
2493.893,111.188,57.631,2.828,13.974,122.087,0
1523.914,101.733,43.652,4.105,14.378,74.043,0
2096.151,95.973,35.393,0.291,13.309,48.293,1
2522.1,78.17,48.116,1.276,14.233,41.13,1
1701.854,80.144,32.227,2.833,13.947,100.094,0
2694.204,109.495,60.01,6.823,12.479,63.005,0
2059.585,102.911,58.234,0.946,14.213,160.318,0
2260.399,91.454,36.401,6.172,12.81,150.984,0
2058.891,86.149,34.456,6.108,14.645,113.488,0
3653.981,65.0,10.582,2.325,13.196,31.945,1
2441.227,77.008,24.221,1.963,13.655,54.75,1
1762.488,118.76,25.926,1.254,15.035,141.505,1
2984.654,74.074,43.622,2.377,14.247,59.662,1
1656.452,94.653,38.085,0.0,12.828,135.496,0
2585.761,106.104,25.856,2.363,12.887,106.357,0
1176.214,74.431,38.626,5.194,13.261,87.327,0
1586.679,94.586,48.064,1.4,14.155,53.373,1
2577.96,105.131,48.334,2.067,14.122,80.759,1
2930.003,92.175,19.204,0.0,13.041,93.534,0
2561.389,125.0,40.461,3.173,12.75,131.464,0
2374.829,68.64,25.4,2.976,14.053,45.142,1
2254.283,106.822,52.821,2.615,13.636,73.173,0
1488.961,89.581,51.41,2.11,15.2,87.017,0
1982.101,102.807,31.224,1.973,13.833,114.821,0
2150.585,98.178,32.807,3.403,15.2,44.119,1
3137.129,81.736,36.465,2.448,12.747,25.754,1
2673.352,95.206,14.966,3.067,12.384,115.328,0
1304.024,65.989,46.032,2.887,12.792,16.692,1
2660.655,100.445,38.726,4.522,14.87,142.824,0
2199.697,96.174,53.642,3.719,15.2,77.983,1
2010.001,100.941,28.819,2.847,13.096,15.361,0
2847.59,106.814,34.571,5.233,13.385,63.381,0
3120.15,97.147,23.922,3.256,12.748,102.061,0
3055.332,94.073,29.949,4.849,12.17,61.028,0
1904.509,79.665,27.816,3.592,14.447,85.901,0
2249.012,82.029,53.952,0.0,14.001,118.304,1
2665.321,108.614,33.621,4.849,13.809,75.901,0
3084.104,112.109,43.49,2.743,12.54,42.832,0
2138.537,88.666,37.431,2.406,15.2,71.546,1
2329.322,92.644,26.766,3.006,13.347,148.668,0
1730.882,79.335,39.98,1.879,14.28,160.828,0
1672.466,108.419,49.189,2.909,12.491,5.0,1
2978.142,101.316,27.507,1.435,13.629,134.096,0
3331.556,119.177,51.709,4.794,14.062,96.257,0
2403.193,79.703,31.803,2.296,14.094,126.579,0
3102.296,86.708,36.204,1.811,13.939,60.228,1
2685.063,95.24,48.368,0.835,14.245,5.428,1
2030.672,101.051,34.039,2.984,12.783,111.302,0
2684.907,88.981,42.451,2.837,13.978,42.656,1
3449.724,79.779,38.224,3.199,13.902,22.527,1
2426.713,104.34,43.552,0.651,14.009,25.672,1
3467.018,102.096,13.431,0.0,13.865,112.041,1
750.0,79.172,20.044,3.626,12.654,91.275,0
2984.237,110.976,49.392,5.172,12.614,120.211,0
2506.581,108.383,54.446,0.653,11.807,115.108,0
2255.645,93.88,31.074,5.361,14.536,66.058,0
2509.645,93.114,39.072,3.011,14.545,81.829,1
1158.08,99.757,45.537,2.487,14.559,61.985,1
2307.213,79.936,50.319,1.784,14.076,75.535,1
2682.123,92.42,17.668,0.008,11.88,41.474,0
3410.631,65.0,31.368,4.278,12.876,102.572,0
2113.124,104.27,38.009,1.104,13.953,133.38,0
1924.479,70.139,50.438,1.096,13.922,48.252,1
2123.858,113.048,71.981,4.285,13.6,142.657,0
3045.011,87.378,39.264,0.0,14.132,90.108,1
2663.688,89.037,25.116,0.0,13.81,95.849,1
2105.656,83.212,46.827,2.467,13.909,8.526,1
2783.624,87.967,57.852,3.028,13.225,5.0,1
2513.1,111.859,43.296,3.373,14.684,91.485,1
3079.619,65.0,31.12,1.957,13.412,120.538,0
1993.665,109.878,53.496,7.055,12.602,54.788,0
2237.02,96.732,49.963,2.09,13.106,160.154,0
2195.13,75.102,29.687,2.085,13.486,118.072,0
1498.715,76.946,46.577,1.065,14.695,44.125,1
2642.478,115.47,53.967,2.723,13.762,86.388,1
2619.686,78.763,56.183,3.607,13.632,196.462,0
2453.324,75.853,41.203,4.666,12.676,29.085,0
2297.518,107.922,37.703,0.0,14.507,108.772,1
1530.009,96.74,56.727,2.057,13.213,70.476,1
2176.581,78.869,27.478,3.304,13.71,116.81,0
2227.236,95.033,47.263,3.557,15.132,142.027,1
1928.52,77.639,25.56,2.512,14.258,67.619,0
2345.164,107.411,54.785,3.476,12.335,135.351,0
2712.633,106.859,38.903,1.044,12.207,184.954,0
3676.021,99.448,57.223,5.304,13.742,87.982,0
2563.476,97.063,47.897,4.287,12.709,120.32,0
2617.408,116.657,27.321,0.079,14.384,58.43,1
2401.61,91.996,59.096,0.565,13.838,85.867,1
1202.799,75.454,60.615,0.616,13.949,77.05,1
2432.766,98.293,52.587,3.72,13.164,120.862,0
2489.15,121.205,32.861,0.187,15.2,139.21,0
4051.107,77.793,38.328,1.904,15.2,80.066,1
2324.965,86.94,43.745,3.318,13.549,154.013,0
2646.006,97.83,33.555,2.381,14.118,153.852,0
2427.437,91.245,62.308,2.966,13.888,123.108,1
1690.359,78.248,43.732,0.582,13.566,61.779,1
3192.835,107.706,10.0,3.571,13.051,57.468,0
2938.756,124.481,46.072,1.396,12.824,48.443,1
2964.171,94.746,37.822,1.916,12.778,127.712,0
1858.898,79.343,41.101,2.928,14.165,30.47,1
3361.816,70.315,37.577,2.686,13.332,115.458,0
1538.797,95.612,51.685,2.543,11.48,36.35,0
2831.457,107.454,55.436,1.149,14.2,122.06,1
3873.796,98.652,45.397,1.961,13.766,85.775,0
1806.151,91.966,37.928,2.504,15.012,145.014,1
2081.906,83.75,41.504,0.025,14.136,136.365,0
2514.773,76.71,42.235,1.667,12.469,149.578,0
2122.741,103.687,32.371,3.198,11.793,150.737,0
1442.069,104.793,48.947,0.201,13.152,91.463,1
2494.566,70.36,47.521,4.582,13.237,32.854,1
1759.503,114.258,60.485,4.785,14.649,37.636,1
2757.835,100.037,57.064,0.259,13.792,5.0,1
1852.374,111.594,33.772,4.944,14.82,36.235,1
3457.457,73.21,51.844,2.242,12.608,88.097,0
1940.885,72.878,30.589,3.253,14.669,59.816,1
2240.66,89.914,50.351,1.606,14.449,76.894,1
2978.786,99.039,35.801,4.161,11.984,107.172,0
1649.938,117.149,29.721,3.231,14.99,71.317,0
2597.849,101.885,45.361,1.035,13.884,34.518,1
3299.643,88.602,10.0,0.403,14.153,82.604,0
1405.136,77.631,20.988,0.0,13.022,44.568,0
2570.012,109.22,39.87,2.838,14.948,72.815,1
2618.924,78.494,42.989,3.53,12.733,145.425,0
2958.185,114.799,37.568,3.672,14.549,72.827,0
1645.982,88.019,23.047,2.288,14.539,164.693,0
1591.703,114.268,32.185,0.417,12.923,149.424,0
2789.262,101.505,46.695,1.272,15.2,58.931,1
2643.04,90.082,48.981,4.574,14.008,34.999,1
2612.82,84.728,41.805,1.628,14.389,82.635,1
2675.191,87.227,55.882,2.758,12.426,136.9,0
2007.984,97.996,46.769,0.564,15.2,62.941,1
2600.965,93.08,33.031,3.106,12.698,125.864,0
2640.497,83.687,38.634,1.676,14.722,139.38,1
1985.672,89.681,25.166,4.384,12.905,50.169,0
3662.753,93.1,40.702,3.892,13.243,54.578,0
2757.991,65.0,55.345,1.608,14.51,117.07,1
1675.653,98.414,50.223,2.272,14.725,91.833,1
2876.76,78.284,58.824,1.508,12.656,54.127,1
1816.457,75.853,38.365,0.0,14.781,69.152,1
2961.605,68.377,58.153,0.957,14.74,81.827,1
3203.087,66.886,39.68,2.857,12.956,14.582,0
1916.556,73.024,59.659,3.085,15.2,119.454,1
3076.194,82.074,41.738,2.767,12.489,63.459,0
2718.308,119.346,50.487,1.957,13.238,5.0,1
2984.339,84.638,59.701,4.18,14.231,83.926,1
3682.915,94.489,39.679,2.614,13.032,51.629,0
2290.498,97.607,44.621,3.766,14.037,160.997,0
1960.071,93.835,57.466,0.0,14.017,58.655,1
1871.816,90.916,40.404,0.0,13.632,35.606,1
1919.723,75.266,26.149,3.011,14.549,107.857,0
2399.884,112.313,67.716,0.0,13.594,55.28,1
2671.749,117.301,36.363,2.118,14.008,49.924,1
2629.849,68.443,43.905,1.956,14.832,107.928,1
2987.669,77.664,55.872,5.357,14.512,38.179,1
2458.451,88.083,34.698,3.22,14.507,19.423,1
3394.797,78.496,29.906,2.799,12.766,162.67,0
2277.973,99.084,45.045,4.007,14.272,111.077,0
4218.11,81.804,20.483,3.163,13.009,73.111,0
2856.684,122.311,38.545,1.676,12.647,84.844,0
1892.848,108.668,44.94,4.429,13.735,107.764,0
1753.92,94.976,38.761,0.502,12.986,128.8,0
2763.607,106.378,23.479,3.082,14.512,50.981,0
2304.749,107.483,61.13,0.0,14.533,101.477,1
2914.1,84.105,43.242,2.867,12.088,62.198,0
2757.604,80.573,59.174,2.847,13.055,76.496,0
2402.661,93.094,38.88,5.518,12.486,92.231,0
1899.584,104.063,31.44,0.0,13.384,84.699,1
1465.349,93.947,45.23,1.418,14.21,118.101,0
2159.765,69.922,39.411,3.981,13.582,106.919,0
3006.659,80.76,27.867,3.104,13.269,17.132,1
2589.161,90.964,59.637,2.825,14.97,23.898,1
1640.27,90.941,34.533,0.779,11.726,68.363,0
2562.568,119.616,19.917,1.437,14.913,167.288,0
2700.456,72.596,57.938,4.741,13.31,46.678,1
1875.493,99.078,35.948,2.407,13.73,75.63,0
2549.921,112.848,34.706,3.176,13.325,60.864,0
2487.836,123.8,20.815,2.293,15.189,60.068,1
1707.069,86.338,62.891,0.37,12.692,93.021,0
2682.562,98.88,26.526,4.181,13.811,148.035,0
2814.51,99.977,42.701,3.406,14.275,105.519,0
3153.983,94.737,52.951,6.65,12.35,48.841,0
3134.971,90.616,47.061,0.672,12.972,208.895,0
1554.515,98.104,41.284,3.981,13.667,88.536,0
1840.414,65.0,21.58,0.139,13.002,59.025,0
2784.773,101.549,32.283,2.783,13.066,148.544,0
2783.961,93.766,44.254,4.258,13.485,63.892,1
2784.781,88.885,32.554,0.0,14.385,159.831,1
4954.275,120.656,44.44,2.131,13.492,45.821,1
2821.079,82.551,50.181,1.486,14.771,149.351,1
3188.118,86.357,53.55,1.236,12.902,94.047,1
3070.101,119.882,27.286,3.193,12.673,143.097,0
2873.404,80.351,68.36,4.517,15.2,170.579,0
2245.075,84.298,51.21,2.26,13.208,34.033,1
2943.33,89.942,41.979,2.87,12.62,142.41,0
1947.664,103.77,55.074,2.706,12.232,21.599,1
2296.068,94.909,70.385,2.503,14.768,37.877,1
2134.514,73.903,24.735,0.539,13.493,48.847,1
2503.218,84.55,39.297,4.495,13.572,107.664,0
3954.528,83.497,13.459,3.031,13.657,86.486,0
1236.278,90.919,44.312,3.211,14.712,77.479,0
2896.069,97.962,46.385,1.048,13.638,91.581,1
1401.735,97.855,41.53,1.673,15.2,111.608,1
2143.244,67.136,34.146,2.183,13.92,115.071,1
3157.818,106.895,17.406,0.0,14.756,134.238,1
2491.782,95.536,46.482,0.0,14.525,166.902,1
1749.466,111.383,59.465,1.419,13.767,84.039,0
1985.053,98.219,34.908,3.441,13.272,61.551,0
2891.739,107.419,47.281,1.324,14.099,112.609,1
1975.262,98.532,23.182,0.666,14.259,33.509,1
2590.698,110.847,47.487,1.034,13.285,54.458,0
2479.622,99.312,37.279,1.68,13.95,129.972,0
2026.46,90.629,32.851,1.863,14.913,79.414,1
3843.564,123.814,32.876,6.398,15.2,30.631,1
2862.047,104.447,37.277,4.398,14.569,17.959,1
1133.657,100.032,46.589,4.345,15.2,87.192,1
2571.195,74.132,26.254,4.603,13.234,136.385,0
2019.839,73.964,37.235,0.702,14.432,135.785,1
3004.082,96.098,41.502,0.3,15.005,89.99,1
1934.862,94.037,28.812,0.508,12.993,175.401,0
2375.421,83.402,63.56,4.902,13.363,80.283,0
2778.242,93.974,31.758,1.515,15.2,78.764,1
3012.741,114.241,33.967,0.248,12.922,5.0,1
1669.807,101.736,30.26,1.724,12.593,64.869,0
2232.574,76.026,63.582,2.071,15.175,123.341,1
2141.286,90.439,48.635,2.983,14.877,155.378,0
2025.336,80.73,30.761,2.952,14.189,47.639,0
3597.545,86.572,55.275,1.009,13.759,105.801,1
2713.238,86.209,44.408,3.734,13.405,132.11,0
1630.425,85.313,45.087,1.349,14.054,85.504,1
3046.61,74.428,37.866,2.219,15.2,5.0,1
3829.402,90.213,33.007,3.736,14.015,96.128,0
3121.102,84.151,46.053,1.345,15.2,119.264,1
1462.41,65.0,35.459,1.475,12.992,42.366,1
2135.248,120.742,63.801,3.565,13.782,73.563,1
3273.492,107.243,26.769,0.956,13.464,33.003,1
1990.015,86.732,60.434,1.807,12.823,5.0,1
2738.483,92.263,40.664,3.5,13.662,131.215,0
2953.512,75.597,45.589,6.197,14.176,84.831,0
1847.495,115.74,51.998,3.59,14.272,156.895,0
2411.309,118.562,34.437,3.351,15.2,123.579,0
750.0,94.194,52.371,3.455,14.218,69.061,1
1784.148,106.329,10.0,0.568,14.835,81.257,1
2285.831,94.454,33.36,2.708,13.859,110.478,0
1638.941,73.286,30.911,2.446,15.2,128.51,1
3511.067,86.234,26.958,3.079,15.2,99.52,0
1520.408,93.847,39.421,2.71,14.278,134.752,1
2163.971,85.636,46.629,3.183,12.907,71.65,0
2534.981,88.939,50.432,1.939,13.306,40.129,1
3386.828,90.72,44.891,2.605,14.054,82.084,1
1516.69,90.868,34.012,0.29,14.211,94.233,1
3206.056,92.732,46.428,1.924,14.429,30.931,1
2456.651,77.152,43.491,5.004,14.214,24.848,1
1812.019,81.962,53.233,3.074,13.806,105.132,1
2750.367,74.016,51.323,2.462,13.227,66.714,1
2579.389,105.689,42.366,5.913,14.161,77.537,0
2059.859,65.0,31.233,0.05,15.2,68.814,1
2495.371,108.15,34.165,0.503,14.718,153.427,1
2199.546,111.409,35.403,5.583,14.281,141.779,0
2523.786,87.769,38.217,2.583,14.727,29.319,1
2880.385,65.0,45.217,2.063,13.466,61.024,1
3480.911,86.942,50.582,0.341,13.343,123.25,1
1645.42,91.101,41.387,3.306,13.127,112.087,0
3836.472,77.852,42.193,3.48,13.687,83.134,0
1181.143,84.787,43.72,0.53,13.42,33.808,1
2351.34,113.423,35.809,2.248,14.887,54.286,1
2832.406,101.309,30.895,1.896,13.372,61.745,1
2632.645,79.056,20.935,2.961,13.078,97.465,0
2045.245,69.634,33.658,0.485,15.2,161.668,1
2314.721,87.422,47.678,4.754,13.394,54.09,1
2129.549,89.012,33.565,4.148,13.938,38.828,0
2066.913,98.947,39.146,1.846,14.206,80.114,1
3002.241,84.506,47.597,2.11,12.777,131.428,0
2682.06,99.161,48.248,2.254,14.912,19.89,1
1999.609,119.092,29.046,1.099,14.373,150.414,0
3034.74,103.417,53.965,1.702,15.2,77.259,1
2649.745,91.327,55.528,2.014,13.189,51.956,1
2978.36,89.436,28.442,5.403,13.889,12.991,1
2859.259,87.007,32.114,4.204,13.835,116.793,0
1911.153,108.529,56.293,4.182,14.037,77.297,0
2085.882,83.218,40.238,3.166,12.491,92.682,0
2935.741,92.633,15.363,0.489,13.9,44.463,1
2846.741,92.717,25.204,2.425,12.516,70.641,0
2436.414,84.975,39.008,4.247,14.123,63.104,1
2526.263,72.785,28.043,0.235,11.884,80.473,0
3280.482,96.522,37.039,3.646,12.134,54.87,0
2065.479,91.146,42.389,6.681,14.537,15.962,0
2805.613,99.003,59.547,4.411,13.308,207.782,0
2318.575,84.53,38.515,5.045,12.911,23.647,0
2308.507,109.091,54.871,2.893,14.944,93.166,1
3164.205,79.725,59.145,4.242,14.095,5.259,1
2986.521,115.969,59.212,1.208,14.585,5.0,1
2978.781,67.533,45.417,3.933,13.65,89.402,1
3298.561,98.087,18.441,3.678,15.2,92.847,1
2463.652,98.656,47.53,3.022,13.256,141.767,0
2893.269,80.862,54.581,4.869,15.2,102.98,1
2248.327,97.942,41.027,1.53,13.745,78.259,0
2660.708,109.913,62.935,2.163,12.311,42.268,1
2365.407,65.0,52.318,2.672,14.235,152.456,0
2513.047,99.038,48.819,0.647,14.083,126.798,0
2836.852,65.0,55.037,2.908,12.854,28.915,1
1918.157,78.481,46.0,0.0,12.97,86.708,1
3810.052,114.808,12.086,4.385,13.778,91.482,0
1796.089,83.855,36.01,2.584,14.115,69.446,1
1660.777,75.566,56.366,1.562,11.576,119.733,0
3202.772,89.229,32.309,0.998,14.748,122.428,1
2964.581,120.951,39.318,2.078,13.355,76.428,0
2855.678,66.356,29.462,3.739,12.601,72.361,0
2858.425,77.282,63.407,3.486,14.647,152.453,1
2442.04,112.964,62.178,1.23,13.779,126.978,1
1866.785,118.008,31.394,0.977,14.895,88.256,1
2499.273,90.552,43.768,3.682,14.194,11.686,1
2009.845,74.653,33.834,1.2,13.799,100.48,1
3083.828,121.342,49.379,2.608,13.663,116.414,0
2354.413,114.322,48.116,2.723,14.234,5.0,1
1913.427,101.505,51.74,3.062,13.428,96.334,0
2241.099,80.626,45.983,4.045,13.033,66.249,1
2718.405,91.314,75.0,0.227,14.349,75.062,1
2083.579,89.755,29.665,0.0,13.67,44.168,0
1915.557,96.632,21.473,1.479,13.83,78.331,0
2608.397,112.314,37.283,5.743,14.78,147.64,0
2609.228,104.312,23.184,6.14,13.698,64.912,0
2120.487,76.917,24.09,5.796,13.814,128.451,0
2143.825,111.271,29.984,2.153,13.26,48.715,0
2600.832,96.384,30.934,0.0,14.188,119.144,0
1508.745,101.619,30.545,0.0,14.115,85.075,1
1535.149,112.532,48.219,1.395,14.611,100.841,1
1983.011,76.438,35.926,2.143,13.279,85.322,0
2311.259,91.498,39.846,4.841,13.388,113.873,0
2652.09,84.56,52.731,4.062,14.513,5.0,1
3408.982,70.05,32.804,2.909,14.027,21.108,1
3007.479,96.854,38.825,0.898,12.984,103.769,0
2346.04,125.0,46.389,0.771,14.976,5.0,1
2437.639,66.239,18.701,2.957,12.271,61.124,0
1798.356,91.548,13.381,3.755,14.506,82.555,0
2437.966,100.968,46.153,3.205,12.661,47.734,0
2262.372,93.723,47.904,0.638,15.2,53.88,1
2659.767,90.416,66.771,3.671,12.41,97.221,0
1912.3,73.811,43.897,3.267,14.837,130.418,1
2787.575,95.259,51.837,0.573,13.727,41.87,1
3446.28,81.405,39.654,1.088,13.47,59.122,1
2379.306,65.0,45.567,3.739,13.967,52.093,1
2711.113,108.724,62.007,2.078,14.369,5.0,1
2898.594,105.417,16.512,5.36,12.986,91.377,0
2189.207,92.723,46.963,3.402,13.066,127.062,0
2595.66,95.207,67.627,1.624,14.385,130.749,0
2458.185,107.04,45.384,2.482,12.263,45.816,0
2513.489,95.141,61.807,2.614,13.274,28.674,1
1947.544,104.656,34.449,1.189,15.2,85.972,1
2465.932,87.835,41.615,0.857,12.929,122.317,0
2773.699,110.368,42.402,3.763,14.833,91.968,1
3393.243,96.491,15.389,4.021,13.273,98.019,0
3073.526,94.717,27.982,3.587,14.258,136.382,0
3849.569,74.219,28.837,5.228,14.389,51.739,1
1951.224,96.017,51.865,1.525,14.816,75.101,1
3017.008,80.353,52.466,5.514,13.62,158.557,0
2569.172,83.064,45.888,0.878,15.2,76.143,1
3873.372,80.585,51.889,0.677,13.27,27.97,1
1924.606,77.073,40.03,0.0,14.011,54.879,1
1904.181,121.747,56.423,1.698,14.021,42.782,1
2060.395,110.639,42.105,1.593,12.79,101.072,0
1069.468,118.885,42.694,3.447,13.543,44.682,0
2108.259,74.879,38.813,2.939,13.945,97.197,0
1956.564,92.998,50.213,0.353,13.411,51.877,1
2547.756,73.891,36.946,1.793,15.2,5.0,1
2672.141,82.26,53.717,1.831,13.045,98.798,0
3669.511,79.146,28.414,0.0,14.861,91.681,1
3067.775,109.354,28.813,0.734,14.571,108.299,1
2075.013,86.453,50.249,1.113,13.788,54.716,1
1866.03,106.957,40.937,5.081,13.021,49.92,0
2769.747,100.458,36.553,2.845,13.109,103.066,0
1591.848,124.251,52.681,3.692,13.334,153.356,0
3640.448,71.288,34.713,0.0,12.193,85.503,0
3216.636,109.629,39.598,4.65,12.897,104.106,0
2145.036,108.05,58.791,4.842,12.466,70.529,0
1336.463,78.373,60.47,0.0,15.011,15.537,1
3330.017,106.1,60.869,1.23,14.357,128.534,1
2375.549,96.706,38.614,3.392,14.507,125.879,0
3254.581,88.815,56.768,3.66,14.33,116.985,1
1413.622,80.465,30.613,1.279,13.95,76.812,1
2060.406,81.932,31.117,1.95,15.115,111.868,1
2453.408,120.697,13.795,1.425,13.25,125.219,0
2480.537,92.01,62.074,2.699,13.896,157.907,0
2157.457,102.95,31.632,4.655,14.472,129.484,0
2854.852,80.927,40.482,1.112,12.611,87.872,0
1756.047,81.082,31.076,4.301,15.2,26.129,1
2357.453,107.148,50.342,1.093,13.826,92.005,0
2528.192,73.106,37.492,0.974,13.928,96.546,1
2784.385,86.187,26.342,3.973,14.931,116.906,1
2912.55,92.476,47.3,4.159,14.623,145.925,0
1718.983,93.559,24.795,4.033,13.834,80.718,0
1452.826,89.493,31.951,0.132,13.917,179.544,0
3280.49,97.541,16.717,1.661,12.446,5.832,0
2666.004,101.7,24.913,3.981,13.299,103.87,0
1963.484,102.285,44.142,2.575,14.265,49.067,1
3458.249,78.199,18.426,0.567,14.2,5.0,1
2525.189,88.022,24.226,3.325,14.899,75.92,1
3216.543,108.727,41.972,1.213,13.692,19.427,1
2493.887,104.525,35.477,5.73,12.551,77.736,0
3789.486,72.78,65.904,5.281,14.751,86.565,1
3590.972,96.921,64.007,3.587,15.092,135.334,1
2288.173,65.0,31.585,4.95,14.608,17.159,1
3081.521,92.657,48.686,2.617,13.653,125.88,0
2869.494,118.569,50.991,3.878,14.74,89.414,1
3339.611,78.73,34.83,5.16,15.2,131.298,0
1822.8,80.319,24.054,2.942,13.904,65.571,0
2895.933,102.696,41.852,2.041,12.619,25.049,1
3137.976,70.401,39.926,0.0,13.272,30.213,1
1306.819,83.141,36.771,2.35,14.363,26.869,1
1680.882,100.35,47.308,3.982,12.356,106.502,0
1124.499,83.12,32.991,4.202,13.952,151.461,0
2274.886,88.696,28.176,3.408,14.142,59.577,0
2916.402,102.419,43.309,1.526,15.182,113.311,1
3426.532,97.902,46.632,0.0,14.979,16.445,1
2498.162,95.735,27.88,1.609,14.578,93.114,0
3508.6,87.252,53.137,1.952,11.854,115.085,0
1552.934,97.181,20.754,1.937,14.629,19.834,1
1342.801,90.268,35.063,3.613,14.435,75.825,0
2413.894,98.409,38.904,6.074,14.03,117.216,0
2699.643,85.043,34.365,2.722,12.243,5.0,0
2428.748,89.444,35.219,2.11,13.101,145.095,0
1106.163,78.141,64.453,2.033,12.75,100.916,0
2392.072,91.51,31.789,2.724,11.986,117.253,0
1602.095,80.646,71.295,1.009,13.797,66.428,1
2885.287,76.403,47.246,2.716,13.082,7.477,1
2688.289,95.621,43.105,3.311,15.2,109.033,1
1839.078,94.978,47.715,2.877,13.648,81.283,0
2115.987,102.96,72.359,3.324,14.964,86.445,1
1761.511,85.964,30.077,3.281,12.388,133.942,0
2409.259,97.713,28.555,0.0,13.323,119.293,0
3070.843,99.711,32.942,3.646,13.887,171.456,0
1809.278,98.227,42.386,1.292,12.983,91.923,0
2777.63,80.441,21.291,0.527,13.42,53.895,0
2105.333,94.091,42.268,0.512,13.604,76.521,1
1934.633,97.098,62.323,3.28,13.589,103.705,1
2380.43,92.1,43.817,2.099,15.2,130.714,1
1777.092,65.0,38.488,0.0,14.14,18.983,1
2090.128,94.247,34.582,3.36,14.232,85.384,0
1671.379,122.975,52.782,0.0,14.286,157.429,1
3727.071,86.959,32.09,2.752,14.351,74.191,1
2472.921,81.807,64.157,2.929,13.725,126.896,1
1995.178,97.227,65.2,4.094,13.511,107.19,0
2589.087,96.373,45.081,5.707,13.95,128.014,0
2376.987,108.698,41.862,0.044,14.841,48.561,1
2306.37,74.39,54.368,2.406,14.814,48.757,1
2849.208,102.239,55.138,2.003,13.584,85.912,0
2942.38,100.266,32.328,3.281,14.491,16.05,1
2105.174,90.01,35.681,2.888,13.625,72.862,1
2075.718,96.742,26.132,1.865,13.83,96.379,0
2271.216,106.412,46.909,1.706,13.374,165.309,0
953.751,104.212,50.0,0.49,13.637,103.122,0
1465.126,75.998,25.801,4.278,15.007,113.135,0
3338.468,103.482,36.538,3.327,13.883,137.401,0
3519.229,91.094,25.833,4.152,13.922,41.59,0
2288.127,93.02,31.214,1.941,12.498,77.571,0
2824.762,93.025,48.612,1.318,13.522,194.144,0
2652.313,89.897,33.198,0.559,13.583,81.439,0
4451.273,108.684,38.39,3.146,13.054,135.239,0
3177.724,90.828,22.472,0.628,13.819,128.368,0
2366.854,76.326,44.244,5.828,13.414,18.485,0
1828.899,86.491,41.469,0.146,13.872,98.972,1
1405.81,94.502,33.252,2.993,13.909,91.604,1
2582.251,109.209,39.732,5.32,12.94,99.848,0
1958.372,100.443,44.164,3.578,13.441,51.065,0
1525.535,80.093,32.222,2.816,13.87,34.739,1
2029.728,125.0,24.285,0.757,14.866,63.58,1
1746.994,95.707,63.667,0.013,14.031,80.599,1
3546.642,109.855,34.401,3.886,13.204,138.324,0
3023.066,89.876,40.839,5.211,14.159,166.779,0
2444.818,99.467,54.13,1.71,15.2,147.847,1
3411.964,103.753,75.0,0.45,14.625,123.708,1
2500.289,109.055,27.066,0.0,14.293,39.805,1
1890.165,106.803,47.398,0.735,14.453,66.6,1
3440.031,104.211,33.509,2.295,15.096,94.447,1
2800.292,87.589,35.535,5.378,14.768,56.54,1
1775.79,83.996,33.357,3.712,14.31,110.974,0
2326.28,96.657,28.492,3.049,14.762,117.422,0
1880.848,105.064,41.505,1.78,12.827,109.133,0
1551.18,88.882,24.306,1.45,12.448,131.131,0
3052.015,106.912,53.362,5.03,13.941,44.293,1
3691.121,112.337,42.66,2.861,13.862,126.977,0
1540.931,79.172,47.069,0.0,13.31,53.696,1
2815.93,80.283,36.406,1.288,14.543,42.658,1
2027.082,90.035,37.594,0.955,12.123,108.945,0
2133.369,96.307,45.451,1.517,13.319,139.714,0
2064.944,84.656,28.031,3.513,13.364,106.961,0
1888.406,110.931,37.704,2.307,12.327,85.936,0
2481.539,97.937,31.685,2.362,15.145,98.957,1
1909.882,92.552,31.313,4.864,12.577,91.139,0
2625.797,71.897,16.682,1.246,13.27,34.332,1
2417.345,73.579,58.072,5.856,14.617,29.082,1
2294.684,95.934,33.762,1.292,14.381,81.453,1
1860.084,65.0,55.961,2.661,12.803,88.594,1
2075.099,106.177,54.826,1.994,14.414,85.51,0
2941.004,89.786,26.568,2.722,14.061,115.425,0
2775.596,125.0,28.939,3.3,15.2,75.304,1
1814.589,124.311,72.726,3.281,14.164,110.334,1
2514.566,89.46,63.011,1.144,13.673,78.494,1
2938.402,90.511,41.622,0.479,13.029,167.051,0
1364.887,105.938,45.088,7.006,13.13,88.632,0
2803.184,115.844,34.43,1.629,13.057,190.333,0
2019.295,69.068,47.188,3.759,15.034,100.841,1
2820.889,66.991,33.394,0.0,13.816,75.385,1
1953.882,83.292,17.612,1.997,14.309,44.525,1
1276.827,100.158,26.141,2.271,15.163,20.07,1
1392.097,98.956,42.253,3.351,11.677,40.385,0
2481.255,106.977,28.427,0.0,14.951,45.418,1
2618.82,75.204,41.193,2.799,13.85,102.767,0
1862.194,65.0,29.104,0.43,14.192,61.323,1
2865.085,104.012,32.612,3.084,13.054,93.412,0
1370.012,80.405,52.238,0.635,13.12,142.689,0
2407.048,65.0,44.97,0.96,14.24,81.049,1
1662.839,94.031,41.884,2.007,15.2,178.562,0
2026.307,103.104,52.548,0.606,14.703,32.089,1
2480.809,90.291,47.767,1.644,14.939,78.224,1
1890.731,85.59,59.359,0.352,13.627,60.731,1
2200.039,89.769,36.482,0.0,13.26,127.143,1
3104.09,86.812,36.844,4.332,13.097,5.0,0
2075.02,73.127,26.387,0.167,13.361,20.06,1
2993.2,81.994,36.852,2.178,11.952,80.169,0
1715.691,99.298,53.577,3.855,13.148,154.812,0
2794.373,96.503,57.6,1.393,13.296,95.163,0
3387.02,94.353,53.524,1.015,13.642,24.18,1
843.431,78.068,20.47,2.907,13.919,31.128,0
1932.018,89.459,54.998,4.512,14.126,160.285,0
2825.097,65.0,19.938,0.395,13.787,57.049,1
2318.02,94.499,52.777,2.23,13.277,42.567,1
2691.245,112.004,37.587,0.0,12.033,151.482,0
2057.41,71.362,50.43,1.792,13.282,130.499,1
2506.283,83.797,26.011,2.562,12.925,142.333,0
2348.81,96.607,56.054,0.962,14.219,42.248,1
3209.058,109.54,24.42,1.677,14.618,16.37,1
2615.374,85.725,33.979,0.0,14.645,90.992,1
2669.442,82.308,30.023,2.639,14.481,100.081,0
2182.28,65.0,20.949,4.4,13.68,101.407,0
2133.056,93.448,43.134,0.525,13.33,151.518,0
2168.837,120.589,63.673,1.379,13.128,6.98,1
2706.394,95.883,74.003,3.405,12.443,123.686,0
2176.36,91.688,43.166,4.682,14.693,35.652,1
2638.354,96.509,55.4,0.0,13.643,123.508,1
3799.011,91.845,44.785,2.196,12.678,63.627,0
3016.231,80.618,47.987,3.01,13.056,48.371,1
2238.085,103.526,37.894,2.316,13.02,57.554,0
3230.789,95.161,44.341,0.0,13.839,19.948,1
2184.751,92.247,48.45,3.402,14.761,86.819,1
1125.219,78.345,35.058,5.235,13.487,50.23,0
1794.744,110.249,41.07,2.71,11.773,120.383,0
1233.985,101.306,41.299,0.644,13.63,113.803,0
2221.516,84.259,51.917,1.576,13.659,160.967,0
2461.972,106.026,29.208,5.686,13.598,101.485,0
3539.684,85.034,41.381,4.138,13.235,108.43,0
2662.503,81.052,64.944,3.652,13.996,148.004,1
2307.585,81.364,55.969,3.142,13.86,56.755,1
2989.114,67.205,58.19,1.31,13.778,18.028,1
1012.762,98.602,42.293,2.139,14.171,94.004,0
2603.149,66.364,45.852,2.36,13.413,20.981,1
2951.062,74.802,54.027,3.489,13.362,195.427,0
1488.919,65.0,60.723,5.216,15.042,150.497,1
3193.44,90.795,18.581,4.513,14.303,182.379,0
2670.023,89.896,26.215,0.0,14.544,87.81,1
2180.063,87.426,57.713,2.903,14.903,109.776,0
2861.308,77.404,38.677,3.826,14.273,64.324,1
3925.95,75.589,33.939,3.614,14.636,124.732,0
2568.213,98.501,26.95,1.367,12.379,30.301,1
2611.343,84.292,35.34,7.745,13.984,5.0,0
2151.415,96.429,25.172,0.201,13.636,49.418,1
1897.601,79.607,67.093,0.55,15.2,19.504,1
2989.718,94.535,41.731,2.92,14.635,151.507,1
1893.546,110.246,41.305,6.31,13.233,166.705,0
2496.518,100.206,49.057,0.995,14.136,21.868,1
2139.523,86.226,53.548,2.022,13.951,143.127,1
2761.337,95.601,53.351,4.439,14.209,127.812,0
2666.88,88.631,54.883,2.468,12.883,14.36,1
3124.401,92.11,34.43,1.898,14.124,67.438,1
2118.489,87.441,38.426,3.518,13.595,58.893,0
2274.581,89.699,51.228,2.991,14.054,118.66,0
1813.804,94.969,35.671,4.355,13.148,29.705,0
2161.209,78.093,41.939,4.825,13.273,80.551,0
2695.245,77.778,46.785,3.053,14.856,54.133,1
2942.043,72.56,51.422,3.025,12.854,106.3,0
1850.593,69.596,20.668,2.885,12.92,75.244,0
3015.244,74.958,50.577,3.38,13.754,60.914,1
3331.165,94.232,39.195,2.599,13.105,75.402,0
2718.733,79.501,50.489,2.499,13.003,176.622,0
3669.917,99.191,51.323,4.654,13.895,66.24,1
1947.037,92.486,61.295,5.229,12.445,38.155,0
1640.974,65.0,58.241,0.0,12.893,111.255,1
1293.832,101.17,58.159,2.518,15.2,78.541,1
3422.429,103.351,59.324,1.26,14.214,21.314,1
2875.338,78.086,45.497,1.94,13.128,185.417,0
2413.87,97.883,42.386,3.225,14.176,69.138,1
2631.98,80.009,52.474,3.705,14.311,67.996,1
1718.432,93.367,50.785,2.298,14.695,92.193,1
4039.739,74.297,38.291,0.0,13.686,162.855,1
2533.994,66.897,46.858,0.763,14.679,9.411,1
2521.107,86.641,41.579,4.114,11.965,97.419,0
2921.748,90.268,31.753,0.0,12.849,178.927,0
2762.656,86.432,57.486,4.637,13.947,90.793,1
2595.525,75.424,42.662,3.438,14.097,29.41,1
1936.192,86.401,66.584,4.869,12.979,57.172,0
2756.454,95.77,22.494,2.143,14.033,94.31,0
3673.316,91.371,35.319,0.0,13.239,144.886,0
3324.523,94.555,42.392,3.275,13.551,69.73,0
3485.571,82.618,55.649,4.794,14.722,122.199,1
2117.71,108.404,46.794,4.164,14.618,20.408,1
1806.757,75.534,45.726,1.307,12.903,20.033,1
2368.239,98.826,28.473,2.656,12.848,63.274,0
2486.221,108.546,28.117,1.541,13.43,149.711,0
3161.224,98.733,45.87,1.025,13.776,88.099,1
1349.898,89.165,25.631,4.22,13.208,98.042,0
3444.208,84.604,35.617,0.344,14.737,97.514,1
2347.295,106.505,48.011,0.891,14.113,134.914,1
2172.527,72.078,30.212,0.513,14.165,57.54,1
1792.132,78.418,61.264,0.0,12.66,115.973,0
1374.343,86.434,56.687,2.764,14.851,47.61,1
2985.061,109.327,23.143,4.591,11.262,174.247,0
2497.657,97.317,30.812,2.167,14.551,48.982,0
1611.525,78.447,14.571,0.0,14.641,45.292,1
1608.199,87.656,32.609,4.012,13.411,109.735,0
2231.74,83.399,51.197,5.534,14.946,88.59,1
3534.864,82.063,37.033,1.337,13.743,99.708,0
2281.266,105.704,47.53,1.639,13.856,95.229,1
1472.957,72.796,23.732,3.428,14.106,35.932,1
2290.267,114.523,51.576,5.419,15.2,157.601,0
2272.73,103.595,35.339,1.564,15.01,125.209,1
750.0,107.272,42.146,0.102,14.431,146.153,0
2414.708,85.519,40.886,3.637,12.978,61.225,1
2299.893,89.901,26.741,3.938,13.929,103.744,0
2902.534,71.936,28.163,2.511,13.068,93.882,0
3651.821,84.655,53.614,1.495,14.54,135.76,1
3182.267,98.911,46.788,4.29,13.926,137.211,0
2275.222,110.145,54.601,3.45,12.788,93.687,0
1730.758,76.5,45.896,1.117,13.873,16.692,1
4122.684,86.883,43.716,2.588,13.036,165.085,0
2488.492,89.882,21.288,0.067,13.936,110.019,0
2459.054,72.459,38.756,3.735,13.027,57.62,0
2434.319,100.279,41.671,2.028,13.825,103.294,0
2578.755,81.864,65.437,1.716,14.475,17.001,1
2356.166,89.265,50.243,2.441,13.752,132.491,1
2077.12,85.673,60.433,2.573,13.448,18.795,1
2094.542,80.949,49.17,4.111,13.983,75.062,1
2428.71,91.901,33.464,3.564,14.427,96.0,1
2096.774,88.981,43.405,2.218,12.804,131.748,0
1986.65,86.794,44.835,3.875,14.035,89.795,0
2519.18,81.802,30.73,3.221,14.986,113.573,0
2284.265,96.473,37.387,1.732,14.316,83.732,1
3427.595,115.151,39.531,2.276,13.852,83.552,1
750.0,93.958,61.267,2.233,14.376,88.846,1
3159.479,105.946,17.031,3.409,14.207,76.492,0
3259.955,72.537,56.47,1.839,14.478,9.104,1
1102.296,94.209,30.758,1.797,11.978,50.425,0
2227.253,76.637,25.535,6.044,12.402,96.015,0
2208.563,71.323,56.159,4.192,14.704,73.79,1
1535.117,81.649,50.783,1.131,12.445,77.989,1
1944.419,108.687,57.054,3.528,14.161,70.449,1
1728.126,105.3,51.608,2.713,13.483,46.138,1
3588.976,95.402,66.718,3.205,12.903,62.811,0
3058.191,70.542,48.705,2.747,14.115,71.193,1
3276.511,89.252,40.122,4.641,13.981,85.231,0
2919.087,96.224,46.115,3.122,15.2,102.702,1
1716.116,94.458,56.922,2.388,13.238,76.875,1
2109.062,66.187,32.647,4.376,15.096,38.666,1
2768.093,79.536,34.177,2.92,14.117,22.086,1
1655.617,91.103,38.292,2.719,13.205,201.885,0
2913.449,99.508,16.745,3.065,14.519,34.158,1
2293.788,65.0,43.657,2.332,14.309,61.662,1
2206.366,89.73,19.366,2.517,13.832,108.265,0
2912.124,94.003,42.637,1.444,14.04,101.239,1
2738.771,103.895,52.383,1.148,13.263,108.439,0
2215.372,101.7,36.277,0.703,13.057,65.078,0
3203.564,100.156,62.125,0.0,14.483,95.735,1
1747.309,80.801,24.474,0.917,13.598,87.76,0
2850.358,65.288,56.295,2.186,13.728,70.954,1
2835.516,86.497,50.102,2.686,14.052,96.043,0
2248.795,106.023,21.408,2.012,14.039,132.491,0
2661.986,111.508,74.53,0.0,12.514,84.001,1
1636.776,101.948,41.235,5.334,14.958,84.3,1
3050.618,98.011,31.47,4.456,13.909,133.067,0
2329.814,97.315,25.115,3.302,13.618,128.261,0
2110.23,84.214,39.36,5.933,14.188,156.277,0
3131.856,90.179,40.471,0.741,14.013,5.97,1
1992.177,115.367,43.232,5.898,14.49,125.73,0
1534.5,78.804,38.426,0.763,14.284,112.071,1
1438.191,114.607,49.599,2.93,14.446,45.146,1
2843.906,87.492,37.348,0.207,15.016,96.321,1
1617.721,110.556,18.78,2.526,14.595,132.3,0
3590.616,72.305,40.208,3.195,13.656,47.688,1
1096.746,100.203,13.59,2.222,12.789,104.915,0
3552.697,81.685,46.245,3.785,15.2,124.211,1
2587.161,72.186,30.248,2.678,13.586,36.804,0
2387.136,95.059,43.96,1.56,13.374,78.597,1
2095.803,106.133,57.769,1.48,12.237,98.544,0
2709.438,80.171,30.615,3.96,14.105,49.174,1
2425.537,71.014,54.735,1.323,13.934,45.438,1
3167.146,90.714,36.799,4.148,12.436,78.923,0
2524.248,90.776,63.038,4.701,14.208,121.074,1
2547.696,99.676,37.618,0.0,13.352,113.968,0
2213.652,105.294,31.914,4.539,15.2,46.236,0
2412.985,91.168,50.247,6.209,13.288,114.348,0
2650.071,117.977,36.771,2.954,13.408,47.383,0
1338.391,95.139,31.903,3.578,13.013,12.542,0
1573.679,87.15,36.266,4.367,14.95,68.479,1
2933.122,69.438,41.465,2.004,13.465,135.534,0
2561.063,88.323,58.106,2.828,13.148,114.518,0
2330.411,87.291,18.791,0.134,14.436,84.929,1
2461.982,105.444,42.277,2.75,12.558,66.248,0
2675.928,98.475,49.499,3.397,14.363,67.461,1
2099.156,75.489,44.321,3.429,15.2,89.895,1
1944.102,94.412,57.718,4.418,14.31,36.92,1
2577.299,101.401,41.108,1.105,14.374,69.335,1
1814.058,113.392,39.785,1.541,14.583,75.299,1
2715.364,104.425,49.108,5.912,15.2,24.202,1
1343.321,102.652,43.192,2.229,14.889,47.27,1
3118.951,92.841,37.315,2.86,14.196,103.473,0
2757.188,97.436,48.194,2.379,14.614,85.428,1
2616.419,109.493,34.17,1.021,13.003,71.106,0
3088.749,73.341,34.666,5.422,14.499,43.986,1
3532.558,87.108,35.664,1.55,12.895,155.958,0
3109.341,81.184,58.237,0.471,13.47,47.291,1
1253.432,97.308,10.0,1.689,11.026,96.322,0
1618.275,109.223,46.747,0.0,14.161,63.046,1
2043.868,83.642,42.411,1.328,13.221,86.633,0
2466.959,65.0,21.83,0.757,14.8,105.592,0
2786.478,86.229,45.717,3.611,14.151,23.338,1
1978.267,104.789,47.709,1.288,14.812,84.702,1
2571.398,99.527,49.076,4.098,12.825,138.583,0
1959.001,97.995,10.178,5.017,14.735,164.268,0
2052.513,88.08,58.397,3.906,15.2,79.149,1
1535.67,74.094,33.147,2.112,14.488,86.876,1
1849.898,99.214,50.239,2.754,14.511,184.51,0
1571.405,80.32,50.893,0.0,13.953,136.072,1
1815.682,122.577,31.48,2.259,13.328,57.222,1
3134.867,99.987,49.926,0.951,14.485,57.146,1
1832.891,83.871,37.374,3.75,12.445,128.045,0
4161.048,83.441,17.143,7.131,13.424,39.503,0
2770.657,90.699,56.013,3.4,12.206,133.948,0
2570.143,88.647,32.699,0.0,13.167,100.043,0
1892.067,107.636,31.746,1.85,14.378,108.297,0
2905.201,94.61,37.163,2.72,14.255,73.447,0
2075.835,81.757,45.267,2.657,13.846,56.658,0
2529.306,118.466,41.313,1.185,13.953,150.79,0
4114.055,92.69,48.577,2.942,12.103,73.897,0
2387.561,102.764,25.926,0.263,13.465,66.508,0
3197.028,83.485,33.091,0.799,13.187,81.394,0
1992.935,97.084,40.608,3.662,13.207,93.686,0
2427.257,96.356,64.775,0.672,14.34,38.613,1
3601.02,65.545,40.634,3.469,13.026,59.581,1
2042.471,120.214,55.023,0.035,13.256,57.189,1
3628.092,110.069,42.463,5.677,11.922,123.038,0
2910.039,86.439,36.196,1.106,13.535,45.132,1
2084.397,76.568,39.039,2.097,12.821,5.99,1
2861.065,96.866,39.979,3.095,13.871,5.0,1
3082.16,93.214,49.244,1.482,12.944,18.833,1
2854.176,96.979,58.495,2.758,13.894,146.269,0
1429.354,94.682,46.316,3.536,13.67,85.729,0
1977.361,99.087,56.245,4.229,15.2,107.556,1
2289.113,112.262,30.423,3.925,14.247,109.142,0
2401.618,99.953,37.024,2.191,12.144,87.528,0
2853.437,77.305,33.308,2.236,12.662,81.635,0
2565.506,111.076,45.773,6.728,13.85,132.004,0
1582.026,114.969,37.692,4.21,12.963,91.57,0
2697.129,125.0,50.757,0.841,11.128,147.959,0
2846.881,76.271,30.828,2.68,15.015,112.937,1
2813.864,95.4,42.516,1.897,14.448,57.199,1
3152.507,65.0,50.242,2.256,14.269,62.629,1
2992.049,99.744,17.216,0.287,13.253,52.264,1
2748.467,84.325,67.46,1.759,14.185,139.79,1
2404.392,118.928,38.602,5.761,13.166,66.773,0
1370.375,81.155,17.7,3.542,13.984,49.069,0
2729.252,68.351,43.897,0.0,12.971,99.39,0
2584.997,85.402,42.401,4.69,15.165,80.627,0
2626.526,65.0,41.017,4.461,12.387,98.256,0
1620.113,102.515,53.894,1.853,14.909,170.042,0
1747.313,65.0,50.969,3.791,13.835,126.088,0
3134.549,92.398,45.575,0.953,13.359,86.215,1
2424.289,65.0,47.402,1.654,13.95,21.621,1
2892.975,87.516,40.748,5.197,14.46,62.502,1
2468.407,115.007,63.306,2.011,15.03,116.997,1
2469.341,97.049,24.25,0.0,14.082,32.303,1
3059.884,79.911,43.676,2.386,12.998,181.344,0
2114.571,91.563,42.78,2.359,13.85,85.649,1
2512.479,92.252,51.759,4.657,15.2,87.198,1
2149.521,98.617,31.874,2.526,15.013,55.001,1
2167.577,72.864,21.076,1.741,14.618,107.353,0
2249.038,100.296,43.882,4.381,14.516,32.89,1
2594.387,65.0,45.375,2.717,14.43,182.42,0
2138.813,83.182,59.875,1.15,14.843,144.281,1
3266.241,85.164,26.756,4.579,13.389,129.293,0
1868.505,100.867,55.856,2.849,12.58,22.431,1
2328.533,92.317,70.409,2.505,13.862,94.244,1
2164.175,72.322,37.467,2.82,13.064,139.409,0
3390.536,78.21,26.509,0.573,12.85,111.69,0
2577.761,94.782,37.116,1.55,13.152,39.905,0
3120.699,90.893,42.168,2.506,15.2,55.746,1
1484.386,83.892,48.765,2.15,13.923,64.663,1
2623.583,85.268,34.903,4.79,14.126,57.845,1
3028.26,101.746,60.662,2.891,12.7,153.795,0
2503.485,84.752,28.626,4.039,12.141,5.0,0
3142.562,90.767,21.13,2.517,13.063,114.516,0
2113.763,122.379,55.281,4.401,15.094,26.846,1
3366.076,72.068,14.705,3.216,14.101,41.744,1
3944.284,66.074,39.55,2.524,14.339,5.0,1
2214.155,102.97,75.0,2.476,14.465,60.293,1
2160.423,82.499,41.855,0.782,13.268,152.983,0
3394.7,87.545,28.551,3.412,15.049,96.917,1
3476.722,81.064,41.311,2.428,13.23,31.074,1
2110.141,88.363,41.39,1.596,15.066,130.772,1
2176.879,114.38,43.928,4.492,14.198,140.409,0
2266.84,103.23,49.947,0.25,12.19,89.682,0
1576.107,104.071,29.531,1.74,13.127,176.564,0
1852.876,72.173,62.251,4.35,12.194,121.97,0
1797.309,75.884,44.941,3.068,14.847,115.719,1
1950.932,65.0,50.722,2.414,13.778,48.848,1
2427.455,80.669,34.462,2.952,11.794,113.233,0
2602.24,105.394,57.437,2.823,14.138,94.756,1
3457.825,99.237,38.915,0.0,13.317,108.392,0
1801.07,88.899,45.331,1.871,12.465,54.194,0
3089.81,91.688,30.803,5.41,15.2,90.764,1
2310.907,82.356,30.037,1.313,13.897,48.241,1
2417.849,94.867,50.258,1.927,13.536,5.0,1
2888.633,102.722,36.677,1.525,13.441,129.924,0
1720.231,69.378,31.754,2.343,12.438,17.392,0
2698.566,96.195,34.282,1.45,12.626,89.823,1
2558.194,105.054,50.387,3.376,14.956,99.985,1
2770.093,86.189,34.452,2.855,13.374,99.695,0
2637.96,101.81,40.588,3.892,13.82,72.261,0
4045.945,125.0,42.18,0.608,11.96,97.205,0
2035.469,90.539,18.992,1.887,12.614,106.194,0
2104.852,97.506,24.346,2.094,14.349,118.073,1
2044.959,81.667,46.035,3.32,14.14,163.005,0
2088.94,94.538,33.156,1.072,15.2,95.539,1
2035.698,98.444,54.681,4.148,15.009,87.882,1
3222.861,94.728,53.602,4.636,13.592,44.197,1
3373.328,77.724,50.63,0.72,14.226,104.618,1
2079.015,94.889,63.837,1.616,13.515,115.032,0
1908.969,112.471,41.003,1.543,15.2,76.346,1
2756.42,98.281,49.787,7.238,14.834,109.508,0
2091.055,105.468,34.987,1.726,13.953,71.837,0
2861.406,88.682,71.428,5.52,13.98,115.195,0
2581.9,102.499,65.804,0.22,15.1,126.067,1
1464.766,95.91,42.143,0.719,14.322,125.438,0
3455.878,78.687,46.639,1.264,15.2,90.303,1
3617.32,96.459,58.312,0.978,11.826,38.201,0
2051.687,78.116,40.234,2.018,14.215,57.464,1
2197.994,83.14,34.121,1.224,13.336,111.782,0
2635.813,94.651,52.488,1.025,15.2,195.197,0
2667.397,96.161,42.941,4.585,15.192,69.668,1
2878.054,75.351,44.196,4.703,13.83,105.513,0
3756.633,106.756,31.989,4.209,15.182,59.978,1
2334.984,100.008,21.388,3.443,15.2,41.171,1
1931.107,82.134,44.834,2.667,13.867,54.566,1
1553.443,70.474,52.86,1.605,15.2,5.0,1
1974.895,89.971,39.29,0.784,13.772,145.905,0
2428.467,85.757,59.237,3.153,13.607,5.0,1
3616.463,93.584,33.553,0.387,14.579,73.128,1
2113.553,86.916,29.344,0.711,13.482,31.984,1
2595.462,65.0,41.193,4.575,13.877,45.203,1
2439.325,86.563,41.009,5.921,15.068,146.944,0
3222.456,87.721,51.24,3.208,13.817,94.048,0
4092.506,100.871,32.7,4.492,12.274,41.557,0
2104.935,82.225,58.417,2.057,14.131,58.472,1
2131.864,115.501,65.603,0.092,13.173,50.553,1
3128.705,65.237,41.53,3.602,14.579,83.04,1
2893.229,110.356,56.997,3.525,14.427,92.78,1
3650.36,88.86,29.322,2.629,15.124,170.301,0
2829.553,104.034,54.903,2.064,14.617,5.0,1
2216.46,93.117,54.567,4.232,14.781,83.433,1
2833.926,107.954,52.361,0.726,13.198,70.799,1
3170.657,86.577,41.813,1.107,14.524,127.595,0
2983.313,76.619,10.0,0.685,15.2,100.967,1
2779.728,111.887,34.299,2.653,13.18,111.566,0
3143.339,90.411,34.489,0.542,15.2,100.529,1
3210.042,95.102,30.261,1.268,13.306,43.06,0
3348.403,109.287,43.467,1.23,13.033,139.507,0
2871.661,77.553,36.972,2.031,14.067,120.933,0
2341.373,100.337,32.105,0.0,14.444,126.199,1
2545.364,83.741,29.294,2.657,14.621,141.882,0
3234.231,90.15,33.414,4.745,12.934,103.795,0
1918.992,93.012,55.458,2.744,14.191,151.645,0
2689.638,70.997,34.068,5.274,13.183,101.994,0
2194.33,81.096,35.821,4.901,12.46,75.142,0
2468.684,110.915,36.52,3.9,12.964,84.703,0
3280.994,104.407,46.068,2.634,13.124,83.927,1
2574.214,91.123,47.475,2.541,14.269,61.627,1
2480.184,95.404,10.0,3.875,14.837,158.435,0
1566.094,87.881,54.26,1.795,12.474,98.333,0
2935.065,110.992,59.236,0.0,14.117,89.263,1
2869.565,89.195,29.398,3.386,12.741,102.472,0
3856.116,95.246,30.332,0.464,14.366,219.093,0
2249.944,108.044,36.597,0.768,13.24,34.072,1
2592.448,81.117,32.928,2.5,12.854,46.973,0
2612.099,113.823,44.687,2.329,14.52,22.874,1
3475.345,70.574,18.642,0.0,13.272,74.533,0
2388.058,114.815,28.585,2.798,13.516,96.048,0
2631.364,86.783,60.47,4.239,11.802,64.06,0
2845.133,88.602,30.861,0.469,14.652,60.712,1
2571.296,65.54,56.921,4.79,14.539,91.408,1
2159.818,85.633,46.264,0.0,13.805,62.405,1
2576.158,77.443,20.289,6.311,12.425,98.958,0
3147.861,83.493,49.624,1.76,14.888,135.141,1
1782.765,90.078,40.588,2.762,13.2,115.466,0
2536.43,105.409,36.534,0.0,13.392,124.646,1
1994.921,94.906,44.939,2.388,15.2,133.866,1
3226.78,96.307,47.696,2.911,13.167,97.727,0
1459.929,76.663,50.491,2.345,14.468,77.861,1
2086.701,79.669,56.139,1.486,14.306,50.249,1
2695.188,117.182,46.898,0.796,14.151,67.397,1
3467.591,81.707,25.492,4.535,14.054,61.434,1
2407.262,115.187,36.316,2.555,14.139,117.925,0
2089.12,88.597,75.0,5.273,14.045,100.605,0
3672.752,92.032,50.694,1.552,13.753,116.354,1
1508.791,106.985,70.431,1.717,15.16,32.785,1
1020.776,109.806,58.745,3.968,12.619,149.429,0
2736.009,90.449,44.902,0.0,14.719,65.786,1
2123.665,86.565,45.617,0.316,14.54,35.499,1
1786.199,91.217,41.561,4.475,14.429,65.235,1
2910.432,96.731,21.146,0.391,14.805,196.769,0
2608.47,104.478,42.217,0.0,13.717,67.553,1
2083.349,92.059,56.528,5.863,12.118,70.371,0
1617.802,100.664,34.804,0.0,13.735,76.355,0
3017.097,114.937,46.943,2.831,12.908,78.312,0
2872.631,97.338,52.219,2.624,13.141,49.834,1
2385.536,96.363,31.084,0.0,12.682,91.445,0
3650.314,70.735,36.584,2.019,13.37,133.402,0
1754.445,65.0,29.785,3.307,13.263,99.143,0
1458.409,97.437,32.134,3.138,11.66,34.998,0
2000.26,90.672,26.549,4.126,14.43,69.504,0
2420.369,84.793,31.195,1.803,15.2,60.181,1
2608.171,95.409,59.033,3.783,14.346,87.382,1
2293.197,91.154,31.014,1.259,13.617,144.87,0
2678.836,107.789,43.518,0.0,13.751,78.3,0
1636.499,93.206,35.966,0.164,13.421,81.033,0
3388.447,81.543,56.146,0.0,13.881,164.994,1
2396.602,105.862,57.734,4.317,13.767,124.429,0
3176.242,88.96,52.369,0.0,13.043,110.834,1
2672.771,99.372,45.674,2.993,15.2,173.116,1
2746.89,85.316,39.227,2.021,12.462,107.042,0
2820.349,82.902,27.698,2.315,14.446,5.0,1
2741.011,93.178,65.322,4.954,13.709,122.47,0
2867.77,92.18,32.884,1.711,15.2,13.36,1
3313.949,98.718,49.964,3.601,14.107,105.34,1
2577.739,88.239,54.715,2.568,13.476,7.882,1
2910.852,66.291,35.337,2.226,13.577,63.992,1
2391.672,85.941,54.456,6.64,13.836,68.63,1
3386.076,103.113,51.171,0.0,12.771,50.345,1
2010.345,87.837,62.736,4.82,13.11,69.302,1
3620.611,88.551,36.368,3.682,12.194,131.465,0
2423.897,105.809,26.57,1.637,12.969,52.872,1
1519.996,82.032,35.934,5.433,13.885,109.531,0
2533.268,70.401,44.506,0.0,14.07,41.546,1
2007.316,89.751,42.699,1.561,12.019,76.473,0
2996.418,85.222,37.279,0.325,13.677,99.573,1
2025.794,78.473,19.09,3.242,14.307,40.156,1
2159.981,89.545,47.646,0.496,13.653,25.973,1
1221.799,98.881,65.668,3.28,13.23,107.135,0
2156.001,91.87,47.571,2.164,13.429,135.539,0
874.478,96.298,49.31,1.637,13.313,81.442,0
1420.463,117.388,48.869,3.2,13.227,64.421,0
2944.27,87.2,46.765,2.016,13.956,92.005,1
2960.77,95.897,53.18,0.54,15.2,87.497,1
2726.547,84.871,46.744,7.542,13.131,95.931,0
1821.466,80.151,38.248,1.623,13.514,5.0,1
2418.988,83.811,32.448,0.0,13.753,36.89,1
2447.658,85.297,39.012,0.984,13.181,46.965,1
1697.063,97.033,45.77,0.219,14.788,91.789,1
3427.209,124.887,38.207,3.987,11.666,93.365,0
3020.285,81.975,45.772,3.079,13.322,113.628,0
2306.373,86.167,47.27,3.218,14.536,96.591,1
2467.476,91.116,51.998,1.834,13.535,26.467,1
2585.449,97.541,57.394,1.997,13.061,150.115,0
1122.872,95.69,42.936,1.832,14.197,142.236,0
2289.335,109.977,26.307,2.354,14.616,28.381,1
2006.71,65.0,37.859,4.004,13.99,99.972,1
1798.947,65.0,42.529,3.105,13.079,58.206,1
2267.285,85.058,19.971,3.4,14.211,91.249,0
3618.496,107.362,58.664,3.399,13.438,132.399,0
2866.548,70.081,43.709,4.092,14.471,180.855,0
2078.734,65.0,46.576,3.019,15.135,118.807,1
2822.179,99.997,58.386,3.146,11.455,98.272,0
3359.581,95.411,34.438,4.64,13.9,69.708,0
3051.012,76.737,48.889,1.303,12.238,93.196,0
2488.76,78.202,40.682,0.96,15.2,146.19,1
2029.491,78.424,39.791,0.365,13.379,82.988,1
2903.845,93.547,32.734,2.829,14.472,45.125,0
2705.766,83.232,61.987,0.0,13.768,12.114,1
3031.876,98.917,37.494,3.332,13.077,108.087,0
2862.862,65.0,50.394,2.303,12.97,96.128,0
3132.209,80.004,19.5,4.542,15.2,55.934,1
2102.097,76.235,56.16,1.291,14.66,131.171,1
3306.306,88.411,54.627,2.134,15.2,66.02,1
2578.44,84.467,43.169,4.52,13.85,78.941,0
3798.92,103.17,39.277,4.99,14.059,84.25,1
2002.028,65.969,46.8,1.276,13.56,69.207,0
3578.376,92.637,69.465,2.827,13.542,95.614,1
2578.642,99.817,20.841,3.03,12.862,136.818,0
2026.578,117.993,51.384,3.173,13.876,33.588,1
2135.474,85.255,31.061,2.027,13.09,106.983,0
2241.774,96.542,41.761,4.806,14.198,92.747,1
2725.708,66.746,39.025,0.0,13.953,91.919,1
2789.843,65.0,36.86,1.742,14.059,124.233,1
2077.095,103.827,41.874,3.306,15.2,87.218,1
2434.17,91.922,28.39,3.323,13.766,106.61,0
3842.476,108.499,54.35,4.935,14.481,117.214,0
3572.903,72.772,20.47,4.657,15.2,62.304,1
2733.61,99.279,48.477,1.986,14.976,98.463,1
2474.702,118.163,38.082,4.84,14.838,73.715,0
2528.02,97.876,27.949,1.215,13.524,79.029,0
2848.787,95.872,44.429,4.176,14.007,70.507,1
1785.185,92.12,23.317,5.759,12.614,106.199,0
2282.705,70.008,42.477,4.687,14.249,88.674,1
1365.42,110.978,24.925,2.69,14.047,102.754,0
2709.495,83.448,47.535,1.903,13.821,84.212,1
2870.677,99.063,30.908,0.0,14.724,12.815,1
2135.929,70.118,36.588,3.059,12.713,86.412,0
3473.091,75.488,45.527,0.493,15.2,87.859,1
1653.252,112.091,32.729,1.072,14.612,95.917,0
1498.156,87.138,41.304,0.357,13.736,58.282,1
2595.894,112.346,23.834,1.671,13.666,31.204,1
3130.614,90.905,49.571,2.45,14.233,113.107,1
3544.553,66.213,63.179,2.993,15.169,72.688,1
2151.725,104.489,75.0,1.419,13.891,92.706,1
3151.143,83.742,43.094,4.425,13.93,72.334,0
2424.969,101.782,51.458,2.125,13.816,84.727,1
2337.792,92.353,20.632,1.082,15.2,64.782,1
3024.379,70.396,60.033,2.907,13.468,41.436,1
2874.01,94.3,51.315,6.034,13.773,106.318,0
1425.345,122.747,36.193,3.103,15.117,57.86,1
3409.751,98.902,56.846,1.847,13.932,92.378,1
3347.059,91.195,38.946,0.0,14.823,103.471,1
2043.384,107.055,36.504,2.105,12.98,58.593,0
2707.272,94.949,47.704,2.923,13.615,30.825,1
2771.12,94.933,29.24,1.802,15.136,194.174,0
2619.438,76.717,54.259,0.0,13.191,61.25,1
2092.302,95.274,29.328,0.969,13.664,113.054,0
2013.445,106.496,29.399,5.118,14.031,172.276,0
2433.39,80.295,31.084,5.081,12.91,120.546,0
3212.274,111.943,51.114,0.904,13.428,71.48,0
2803.34,90.716,34.599,3.711,13.901,81.98,0
2209.101,79.571,25.824,0.379,13.842,47.533,0
2951.604,105.967,34.732,5.028,14.952,124.676,0
750.0,87.985,41.615,2.941,15.187,110.482,1
3196.698,102.633,27.828,4.209,13.03,61.851,0
1319.186,87.915,28.18,0.0,13.9,38.102,1
2214.413,91.162,67.336,3.72,14.407,25.544,1
1722.215,98.91,31.673,2.486,15.165,129.393,1
1608.457,96.073,38.123,4.033,14.447,90.417,0
3204.537,65.0,37.593,4.147,14.062,94.674,0
2145.994,76.303,36.944,2.618,14.4,47.967,1
2675.228,105.012,49.456,1.419,14.406,19.142,1
2419.502,90.15,53.378,3.903,12.965,128.318,0
2760.077,84.668,38.329,2.392,13.974,86.892,1
2499.934,72.98,27.162,0.929,15.113,125.826,1
1616.055,76.884,57.293,0.844,13.613,67.633,1
3097.573,65.0,40.856,0.0,13.917,74.343,1
2129.058,90.582,62.764,1.581,13.582,117.098,1
1438.222,83.622,15.053,4.485,11.718,117.956,0
2171.725,78.468,44.345,2.82,13.819,120.89,0
3425.494,91.046,65.023,1.546,14.072,71.716,1
3002.644,97.096,37.761,3.949,13.339,112.655,0
2223.376,121.305,39.294,1.002,12.761,134.909,0
2222.982,70.834,45.546,2.672,13.007,80.285,1
2240.937,108.231,35.294,2.177,14.488,61.893,0
3799.886,105.623,38.255,3.902,15.2,145.424,1
2698.258,81.093,37.946,0.0,15.044,55.55,1
2729.527,94.845,34.471,0.97,12.59,113.326,0
3119.684,85.593,56.746,0.0,14.569,82.371,1
2605.213,94.6,47.533,2.033,13.203,5.0,0
2281.623,113.128,45.008,4.681,13.276,135.787,0
2322.373,100.478,51.703,1.59,13.384,5.0,1
2403.459,99.121,38.828,1.581,14.435,5.0,1
2425.806,85.976,32.71,4.069,14.663,108.73,0
2922.959,71.223,34.769,4.423,13.712,108.718,0
2483.765,89.081,42.021,2.341,13.727,56.309,1
2926.216,108.893,29.289,3.732,14.218,91.652,0
2397.534,70.62,35.997,0.561,14.311,5.0,1
2501.113,77.229,35.807,4.98,14.859,116.814,1
1151.17,93.768,67.495,6.368,12.644,96.238,0
3045.613,78.215,10.0,3.438,13.818,82.946,0
2675.218,80.905,39.845,0.0,12.839,85.938,1
3098.707,86.07,62.708,1.495,13.754,107.196,1
750.0,72.881,43.462,3.603,13.596,83.699,0
3807.444,78.362,51.041,1.741,13.758,5.0,1
2359.267,101.848,43.198,4.79,13.08,183.835,0
3170.319,73.697,33.992,3.559,12.461,139.036,0
1774.061,69.63,15.097,1.228,11.915,27.177,0
2848.303,83.18,44.465,2.558,13.682,69.469,1
1765.28,102.247,32.693,0.891,13.412,74.378,0
2044.55,89.243,32.396,2.171,13.192,133.548,0
3694.12,85.496,36.012,1.502,14.99,5.0,1
2326.056,92.621,62.938,4.615,13.027,62.545,0
2591.331,67.56,70.858,6.309,15.075,5.771,1
3015.544,98.926,44.606,0.0,15.2,72.171,1
2772.193,97.368,36.423,0.0,12.044,63.737,0
2547.772,86.27,27.873,2.059,13.883,88.586,1
2687.225,106.083,47.622,0.0,13.44,57.781,1
4012.22,76.215,63.395,2.583,11.179,51.204,0
2412.548,107.791,39.032,3.848,12.5,112.885,0
2580.714,94.163,13.452,5.189,14.497,105.46,0
3132.925,87.288,50.041,2.863,15.2,109.813,1
3168.592,91.722,53.825,2.152,14.612,77.039,1
3221.57,90.498,22.97,0.0,14.091,59.272,1
2865.175,109.084,44.118,2.547,13.781,79.652,1
1707.047,76.926,47.415,2.628,15.2,107.552,1
3511.73,81.325,41.123,3.65,15.2,5.0,1
1704.875,106.508,32.511,1.225,13.272,102.735,0
2646.713,83.663,54.191,1.717,12.0,98.911,0
1959.721,104.607,37.159,0.0,11.912,87.797,0
2408.31,115.792,24.178,0.0,14.99,78.281,1
2663.696,86.375,17.406,0.505,13.758,5.0,1
2658.882,101.539,57.13,0.0,13.965,65.207,1
2724.248,75.848,49.4,3.106,12.188,165.525,0
3498.912,102.566,43.056,1.567,13.122,85.581,1
2744.797,94.792,36.717,1.531,13.534,71.172,1
2291.298,98.623,35.652,0.728,13.987,85.761,1
3076.657,82.962,29.091,0.0,13.441,100.965,1
3223.156,68.745,36.823,5.215,12.866,114.647,0
1652.055,99.046,16.559,0.7,13.094,74.7,0
2838.31,65.0,33.167,1.758,14.887,104.121,1
2905.762,87.557,38.269,0.0,14.02,160.449,0
2256.584,105.177,49.319,4.249,14.351,130.281,0
3344.209,94.687,41.521,2.758,12.991,190.314,0
2352.464,119.277,51.539,1.013,11.142,55.445,0
2531.625,106.352,58.19,1.794,13.329,160.429,0
2337.503,82.845,54.698,5.521,13.02,49.42,0
2460.126,92.382,47.646,2.369,14.114,100.91,1
1737.421,91.337,42.142,2.173,15.2,117.961,1
1513.967,69.85,30.231,0.806,14.426,62.015,1
3486.428,78.834,50.879,0.0,15.2,88.958,1
1899.475,84.149,62.157,2.212,14.312,125.971,1
1805.595,65.0,46.105,3.086,13.233,53.038,1
1050.296,92.665,65.007,4.479,14.113,160.122,0
2034.675,88.513,23.693,0.0,15.2,22.693,1
1589.992,68.579,28.15,0.475,15.2,172.286,1
3517.31,97.659,52.262,1.455,13.282,130.06,0
3106.381,102.022,45.171,2.494,14.028,80.962,1
2002.702,95.178,57.765,2.239,12.514,66.88,0
3914.083,87.463,41.814,2.281,14.542,62.184,1
3088.148,100.28,31.584,3.235,15.198,78.889,1
2238.86,101.523,39.437,0.874,13.836,82.818,1
825.386,96.304,23.608,4.181,13.199,141.485,0
3939.113,80.455,28.457,3.28,14.124,173.589,0
1546.778,95.872,53.669,1.924,14.176,93.972,0
1380.491,108.737,52.473,5.382,13.873,46.947,1
3114.671,83.647,46.356,5.302,13.961,60.442,1
4035.839,121.371,21.347,4.179,13.644,76.761,0
3349.777,84.641,37.699,0.0,14.696,38.645,1
2816.541,92.454,27.3,5.342,14.463,31.948,1
2836.59,82.585,56.118,3.931,12.915,179.371,0
3004.72,95.126,34.995,6.112,12.89,98.618,0
2943.304,67.609,28.971,4.727,13.571,47.509,1
2632.774,84.355,42.358,5.341,14.463,121.747,1
2517.731,76.71,34.318,4.082,13.933,31.974,1
2409.314,93.895,59.805,4.928,13.221,35.679,0
1959.923,105.922,33.182,6.089,14.035,48.863,0
2267.561,101.044,25.209,2.89,13.502,159.453,0
1349.578,65.0,16.165,0.0,14.592,73.62,1
2386.079,120.589,41.631,1.947,14.1,5.0,1
1807.416,96.134,35.257,3.202,13.516,139.453,0
1732.667,81.129,24.853,2.635,14.008,71.213,0
2566.931,94.2,56.271,0.256,14.984,5.0,1
3354.801,94.467,50.007,0.0,13.287,70.749,1
3046.906,82.664,41.661,1.166,14.162,108.445,1
1429.175,94.771,58.372,3.954,13.737,103.182,1
1806.742,83.495,49.95,5.345,14.184,165.929,0
3061.501,86.339,32.126,4.15,13.211,46.625,0
1811.383,82.392,29.529,4.403,13.899,87.102,0
2303.988,71.943,51.816,2.355,14.797,53.519,1
2807.534,94.042,46.756,0.0,12.957,15.601,1
1820.576,100.194,44.037,1.681,12.604,124.849,0
2518.494,99.208,31.842,2.034,12.638,105.847,0
1582.883,103.479,49.295,1.605,12.746,97.766,0
2059.111,96.541,32.934,2.598,14.336,104.206,1
2657.858,84.542,40.776,3.295,12.535,54.154,0
1414.554,103.755,59.363,4.035,13.532,39.744,1
2736.309,72.995,34.07,1.999,14.356,86.694,1
2437.235,79.391,23.124,0.0,14.175,137.255,0
2809.118,78.501,29.369,1.631,13.453,157.363,0
2595.544,107.121,53.932,2.579,13.972,120.794,0
3336.691,105.199,45.057,4.701,13.896,86.313,1
2531.396,98.822,40.453,1.478,13.598,97.14,1
2170.886,107.007,35.891,3.423,13.61,85.522,0
2529.493,79.69,47.824,3.022,15.2,38.833,1
2803.144,96.88,31.811,2.579,14.528,86.109,1
2481.759,90.248,45.668,4.175,15.2,24.933,1
2476.385,103.856,33.225,1.31,13.353,79.417,0
1993.705,90.387,31.228,1.465,13.724,158.625,0
2019.114,86.611,34.35,2.479,12.601,122.029,0
1538.307,99.573,37.495,1.348,13.071,43.46,0
3587.225,104.266,41.414,3.414,15.2,81.741,1
1641.489,82.643,44.825,1.216,13.33,47.453,1
1999.612,91.145,10.0,2.907,15.2,82.187,1
1983.035,77.182,32.308,2.32,12.681,131.85,0
3031.701,65.0,37.301,2.887,12.852,114.385,0
2258.283,94.806,60.061,1.672,13.493,196.786,0
3261.032,100.525,29.04,1.89,13.743,138.661,0
2012.231,95.669,43.954,2.673,14.631,94.18,1
2631.346,65.0,59.94,2.864,14.206,115.472,0
1907.024,87.088,26.244,2.492,13.425,75.89,0
3844.347,65.0,46.728,5.57,13.68,34.262,1
1678.061,111.176,32.373,0.717,13.513,143.76,0
2651.383,76.795,35.944,2.384,12.977,130.405,0
2861.955,109.576,32.363,0.0,13.001,74.153,0
2718.969,105.242,33.218,3.17,14.725,97.327,0
2329.563,79.392,74.663,0.493,12.155,140.842,1
2365.617,76.141,52.133,1.999,15.2,123.086,1
2478.477,96.905,55.221,1.83,13.491,19.16,1
2354.449,80.179,47.904,3.006,13.105,95.963,0
3076.521,93.435,22.725,1.505,14.466,77.457,0
3886.84,85.24,46.739,1.428,15.137,135.085,1
2087.63,67.064,54.875,5.085,14.806,131.397,0
1559.628,65.0,31.759,3.012,14.252,144.337,0
2392.617,95.174,53.584,1.49,14.778,34.695,1
4126.811,84.138,50.452,2.048,12.255,49.715,1
1927.612,84.257,64.224,5.462,13.33,135.134,0
3515.426,101.742,36.987,2.077,12.98,58.376,0
3540.506,108.428,28.829,1.259,14.902,16.536,1
2090.168,88.184,37.66,1.267,13.455,108.967,1
2819.839,87.232,59.227,1.512,14.561,60.375,1
3508.458,99.002,20.059,1.43,14.282,165.541,0
2203.567,73.003,17.179,0.197,13.024,98.328,0
2317.673,95.124,43.073,0.476,13.272,92.212,1
2071.907,99.726,36.689,1.007,14.964,68.384,1
1790.408,101.523,42.093,3.565,13.102,156.588,0
2027.97,65.0,53.344,1.814,13.912,101.135,1
1654.439,81.341,35.369,2.127,13.096,66.618,0
2472.154,79.704,19.524,4.786,13.517,49.266,0
1949.517,93.398,66.534,4.831,13.758,81.694,0
2601.961,98.73,30.033,1.992,13.095,41.006,1
1438.668,112.954,29.292,1.364,12.936,131.299,0
2665.072,85.07,55.245,0.944,14.058,5.0,1
2991.794,85.034,37.386,3.747,13.04,78.722,1
1154.072,108.095,41.239,2.132,13.07,112.456,0
2693.137,96.152,47.793,1.804,12.955,100.395,0
3247.985,109.747,55.003,1.035,13.73,52.722,1
1663.733,96.042,37.998,1.115,14.649,114.712,1
3537.172,75.8,60.239,3.076,15.156,45.128,1
2722.362,73.336,16.37,0.132,13.147,83.993,0
1991.742,70.279,51.117,4.291,15.2,114.333,1
2413.75,101.269,31.926,1.539,12.896,105.831,0
2812.912,108.64,58.467,2.231,14.775,54.623,1
2499.404,117.891,43.705,0.093,13.15,138.887,0
2800.191,103.803,33.925,2.478,13.016,88.901,0
1851.562,108.28,49.954,1.909,13.13,118.435,0
2560.085,83.88,52.718,2.41,13.753,153.81,0
1531.086,75.81,49.703,5.149,14.322,135.288,0
2377.703,103.901,29.644,2.82,14.403,135.406,0
1862.46,97.848,36.192,1.07,12.95,93.671,0
1971.906,93.504,41.951,1.22,12.909,120.727,0
3253.461,97.423,41.505,3.571,12.975,94.612,0
3159.352,96.525,50.997,4.838,13.7,30.58,1
2845.94,109.973,17.821,3.007,13.611,98.623,0
1739.997,110.13,46.012,3.74,12.945,96.536,0
2244.335,99.619,38.52,3.598,14.043,111.268,0
3238.514,103.841,31.938,5.054,15.2,79.24,0
2542.116,99.197,33.09,0.0,13.346,50.734,0
3957.564,85.544,39.426,3.701,13.41,114.543,1
2705.657,102.592,10.0,4.271,14.304,25.903,1
2574.832,72.477,33.585,0.09,13.297,150.647,1
2249.074,106.754,31.49,0.906,14.402,74.586,1
2536.802,75.277,48.393,0.969,13.153,96.049,1
2350.895,96.001,32.334,1.188,15.2,110.135,1
2910.271,80.168,39.419,1.633,14.11,111.581,1
3071.857,99.747,60.507,2.937,13.242,21.596,1
1939.107,91.525,53.932,4.058,13.27,122.084,0
1584.699,69.673,52.827,4.446,13.338,98.642,0
1256.467,97.89,36.002,0.992,15.035,56.413,1
2780.194,83.909,48.516,0.98,12.658,51.265,1
1732.812,104.336,39.193,4.868,13.199,69.968,0
1050.621,92.019,39.647,3.664,13.295,26.557,0
2702.576,97.536,46.916,2.649,13.786,162.502,0
4070.45,78.594,34.836,3.352,13.556,151.877,0
2446.054,83.749,59.916,2.446,12.458,105.327,0
2995.019,85.579,40.078,3.444,13.44,74.947,0
2503.189,103.994,49.42,1.895,13.71,76.13,0
2385.722,115.483,59.467,2.984,13.235,119.113,0
3047.4,80.728,54.38,0.0,14.418,164.102,1
2261.322,107.076,25.093,1.262,14.627,59.332,1
2623.805,65.0,47.339,1.281,13.729,34.709,1
2659.104,75.281,52.209,1.826,14.007,154.644,1
2015.741,78.577,52.702,0.832,11.855,5.0,1
3094.828,73.065,28.64,1.54,13.421,39.616,1
2336.276,69.83,34.116,0.0,14.704,73.891,1
1958.766,97.782,53.935,3.488,13.419,14.78,1
2798.731,89.003,32.859,2.351,13.136,135.047,0
1865.996,97.312,38.404,0.0,15.2,123.561,1
2468.318,101.667,60.911,0.997,15.2,59.134,1
2444.073,95.719,41.426,3.106,14.221,142.583,0
3155.832,101.209,33.279,1.523,14.825,150.218,0
2758.554,91.027,31.469,1.246,11.797,79.907,0
2433.732,75.382,45.993,2.366,13.091,64.72,0
2981.548,106.809,26.002,3.118,13.377,186.682,0
3353.635,83.752,39.032,0.0,13.588,117.452,0
2812.577,78.902,45.999,3.49,13.359,96.535,0
2456.729,89.509,57.59,1.059,11.505,146.36,0
1597.306,79.221,50.011,2.468,14.147,98.587,1
1757.676,86.156,33.431,2.436,14.289,62.247,1
2251.604,96.817,56.141,1.551,15.2,88.607,1
2053.817,96.877,38.406,0.657,13.091,131.739,0
2328.469,79.43,27.172,1.986,13.017,5.0,1
2486.822,85.172,39.936,5.426,11.388,72.039,0
2794.3,107.041,59.258,0.049,13.536,147.238,1
2404.176,98.95,43.983,5.546,14.611,61.966,1
2766.226,121.051,42.15,2.033,13.249,154.575,0
2491.908,108.522,61.647,2.564,15.2,148.663,1
1165.947,108.02,24.824,0.544,13.569,82.051,0
1839.432,72.57,26.573,1.112,13.932,59.416,1
2356.343,102.694,22.61,1.595,12.573,72.069,0
1663.698,91.257,46.472,0.618,14.058,204.908,0
2839.954,84.286,43.998,2.124,12.019,169.349,0
3444.988,94.352,60.513,1.767,14.424,90.643,1
3242.195,105.233,44.922,5.831,14.452,57.633,1
2311.262,99.012,37.15,0.401,15.023,90.267,1
3418.972,79.701,42.022,2.685,12.882,95.972,0
2546.634,102.394,43.412,2.946,13.945,29.049,1
2230.894,83.074,21.939,0.573,14.307,88.602,1
2051.288,95.034,74.524,3.736,14.198,144.508,0
2253.395,87.753,48.238,1.783,13.021,5.0,1
2197.685,88.936,44.52,0.0,11.647,122.196,0
2560.771,102.727,49.382,3.688,14.112,146.866,1
2554.373,77.437,50.513,0.49,13.663,59.775,1
2451.98,119.233,40.313,0.614,13.29,161.238,0
2734.01,66.505,34.425,3.738,14.488,53.935,1
3223.92,83.633,49.193,1.875,13.76,104.849,1
3067.21,97.183,46.629,4.152,12.613,71.195,0
1484.816,100.18,32.281,4.678,12.062,71.185,0
789.951,90.593,59.028,1.339,12.784,57.222,1
3057.308,91.197,45.52,3.928,15.2,116.436,1
1561.529,97.748,50.758,1.14,14.45,123.196,1
2303.902,88.765,58.703,6.52,13.97,82.101,1
1689.427,111.505,42.263,1.253,13.637,23.801,1
1278.713,103.751,45.803,4.347,13.577,103.143,0
2801.951,104.22,51.72,4.019,14.85,103.991,1
2943.451,78.474,33.302,3.069,13.358,75.248,0
2075.268,90.889,42.649,1.293,14.319,169.025,0
765.823,87.793,43.507,2.227,13.486,14.623,1
2094.941,77.922,30.527,0.0,15.2,5.0,1
2704.673,97.042,69.812,2.904,14.468,52.112,1
1488.707,84.473,25.112,3.129,14.921,116.969,1
2569.184,101.176,26.423,2.74,13.274,37.487,1
2440.049,77.017,57.771,0.0,14.752,40.856,1
2826.539,116.067,50.559,0.222,13.519,127.796,0
2527.727,79.451,29.688,1.153,13.899,105.815,0
1817.505,95.07,49.287,3.025,15.2,101.968,1
3227.771,103.086,59.614,3.021,12.862,120.164,0
2346.956,84.011,41.637,2.194,13.983,65.866,1
2432.252,103.935,73.186,3.643,14.194,67.946,1
1843.376,74.791,21.311,0.653,14.268,121.44,0
2161.867,112.33,50.326,3.598,13.394,24.48,1
1874.878,92.198,55.998,3.355,15.2,5.0,1
2337.585,83.65,52.696,3.18,12.635,65.502,0
3562.611,87.811,39.548,2.172,15.113,126.889,1
1558.264,103.325,38.515,5.795,14.894,96.5,0
1401.185,83.818,47.33,3.388,15.2,123.578,1
3406.261,81.509,51.789,0.757,12.371,5.0,1
2313.94,88.898,49.23,2.947,13.018,99.197,0
2015.103,75.523,54.481,3.854,15.143,114.424,1
3125.938,117.488,29.774,1.441,12.111,24.214,0
2056.35,84.07,39.267,4.461,12.354,123.793,0
3636.906,103.643,30.72,3.188,13.361,79.982,0
2890.652,94.933,37.367,0.0,13.973,223.21,0
2132.858,78.217,54.183,3.039,15.2,5.0,1
3852.25,91.917,43.296,1.769,13.633,146.61,0
2056.285,102.976,73.282,3.467,13.253,67.263,1
2932.362,89.364,44.321,4.2,14.08,12.228,1
2644.54,108.704,42.716,2.851,14.223,61.287,1
3296.132,106.301,43.274,5.497,14.197,97.487,0
3464.982,104.865,34.346,2.178,13.64,131.686,0
2470.803,85.565,41.306,3.625,12.04,162.488,0
1960.278,76.882,55.533,3.949,12.974,148.985,0
2748.982,83.41,43.368,2.325,15.078,41.558,1
2009.485,94.747,32.478,3.902,13.968,135.857,0
3758.702,99.641,30.899,1.43,13.51,102.608,0
2538.748,65.0,36.598,1.739,14.806,55.543,1
2212.541,91.886,42.886,0.138,12.783,75.464,0
2570.042,94.213,56.323,2.935,13.597,53.057,1
1574.368,88.114,25.914,3.085,13.924,86.669,0
1818.451,110.078,38.162,4.623,13.403,52.165,0
3230.269,97.905,43.732,3.924,13.891,38.74,1
2023.019,110.343,19.996,1.987,13.631,106.56,0
1769.508,88.977,31.997,0.379,12.541,113.293,0
2798.824,105.125,33.841,3.279,13.963,76.558,0
3220.708,114.891,32.448,4.499,12.604,146.544,0
2917.32,110.364,44.303,3.859,13.949,73.281,1
3097.431,76.71,40.073,4.452,15.037,71.375,1
1958.083,88.449,35.337,2.119,13.547,114.722,0
1525.823,87.168,47.136,1.66,12.746,79.041,0
3425.867,98.85,62.677,1.174,13.686,88.816,1
2240.258,101.609,61.671,2.399,13.051,5.0,1
2286.959,80.256,18.927,2.359,14.335,85.752,0
3313.326,92.95,48.925,2.872,13.667,5.0,1
2811.55,65.0,39.864,2.267,15.2,30.057,1
2746.327,112.187,43.862,2.259,14.847,24.91,1
3857.252,84.827,37.221,1.102,13.662,38.084,1
2031.713,92.782,43.411,4.195,14.444,60.302,0
3053.096,87.665,43.817,2.638,13.446,63.108,1
2487.059,108.044,35.053,2.186,13.831,114.892,0
2624.585,65.0,31.244,1.155,13.475,95.007,1
3443.504,91.767,36.616,0.103,14.49,5.0,1
2780.093,90.519,44.811,4.854,15.09,88.748,1
2799.892,85.649,49.188,3.498,14.519,99.321,1
3147.13,116.167,52.24,0.0,14.63,70.215,1
2212.781,79.577,36.07,3.874,14.631,82.26,1
1904.514,102.805,45.406,4.16,14.296,93.564,0
1770.874,96.988,53.55,2.724,12.775,119.407,0
1171.868,109.661,55.987,5.377,15.2,14.13,1
3786.535,82.659,41.294,2.89,15.2,74.006,1
1732.915,81.738,39.349,0.0,13.59,152.875,0
2306.185,107.345,44.293,3.157,13.466,148.75,0
2270.071,97.954,28.204,2.941,14.351,123.292,0
2649.814,70.371,39.677,1.414,14.296,109.157,1
2980.229,84.45,50.935,3.532,13.618,159.459,0
3009.308,97.409,49.703,0.0,12.675,171.303,0
2071.0,103.729,38.757,4.283,14.075,79.191,0
2341.371,82.491,44.613,0.919,14.296,41.376,1
2633.677,65.0,32.104,0.727,14.453,72.837,1
2288.351,99.325,50.442,2.295,14.114,224.351,0
3494.775,74.916,41.066,3.279,13.556,14.379,1
2769.134,65.0,38.689,2.795,14.695,63.826,1
2927.671,65.0,37.659,1.163,13.859,21.429,1
2880.873,103.396,41.245,1.589,13.382,90.614,0
3212.758,93.801,36.625,0.461,13.637,30.879,1
2567.664,88.841,49.898,2.096,12.229,80.106,0
1607.059,111.446,37.257,4.435,13.636,5.0,1
2709.797,100.923,61.116,2.492,14.42,112.793,0
2026.618,114.628,59.583,4.047,14.106,140.006,0
2106.399,72.502,31.301,5.12,15.169,67.723,1
2831.137,91.516,42.836,1.442,13.563,78.919,0
3254.884,69.366,34.192,2.164,14.239,77.647,1
2463.827,88.789,38.08,6.408,14.513,93.141,0
2650.741,88.519,66.029,5.1,15.2,83.282,1
3556.44,100.773,38.309,0.0,13.93,119.565,1
2606.49,92.638,46.323,3.197,12.86,140.487,0
4141.094,100.728,48.496,2.501,14.563,48.367,1
2817.581,101.848,29.992,3.988,15.2,71.08,1
1305.504,122.169,31.739,1.159,13.51,125.573,0
2939.672,87.586,27.528,0.989,14.557,21.025,1
2697.753,78.826,31.368,1.283,14.906,5.0,1
3288.339,95.445,10.0,1.471,14.715,95.184,1
2887.568,80.768,48.535,3.968,13.913,107.336,0
2360.004,112.747,66.65,0.374,13.171,52.496,1
1654.206,88.035,43.774,1.379,13.727,58.961,1
2314.135,84.082,25.005,0.0,14.213,50.791,1
1897.162,85.402,34.287,4.313,14.617,45.988,1
2072.66,102.058,36.493,4.788,14.101,116.207,0
2832.576,89.792,29.789,1.911,13.458,31.878,1
3535.438,83.017,52.322,1.964,14.3,73.051,1
2706.536,115.315,51.723,3.316,14.574,44.26,1
1672.676,80.014,28.135,5.154,14.142,19.512,1
2738.992,92.498,50.701,3.235,13.047,124.158,0
3227.81,101.132,60.322,1.244,13.637,61.608,1
2053.641,69.161,64.831,0.0,14.653,93.48,1
2362.889,98.724,75.0,0.493,12.555,17.137,1
2459.547,77.228,31.176,2.632,11.916,51.613,0
1939.816,103.519,75.0,1.32,15.157,119.024,1
2871.382,78.523,37.75,2.851,14.26,201.427,0
2371.384,101.699,34.89,1.505,14.346,5.0,1
2722.696,107.482,45.925,0.595,12.831,75.95,1
1873.13,104.06,35.015,0.381,14.464,103.553,0
2165.652,95.518,46.789,5.312,14.048,57.275,0
2919.548,88.762,26.159,4.1,12.374,123.228,0
2207.658,83.93,39.135,5.615,15.082,45.997,1
3572.527,112.594,57.427,3.472,13.943,91.923,1
2190.236,82.207,41.315,1.726,13.444,61.507,1
2596.045,77.481,43.699,4.882,13.46,139.874,0
3056.184,101.315,47.703,2.44,11.986,54.564,1
1528.062,80.854,56.048,2.898,14.334,69.166,0
1305.474,78.699,22.137,2.423,14.036,127.556,0
1458.323,71.79,49.014,0.0,13.625,38.738,1
3270.68,85.239,38.782,5.389,14.951,88.094,1
2091.292,90.842,44.0,3.384,12.555,5.0,0
4112.83,95.403,54.719,3.094,13.263,36.043,1
2083.239,105.318,27.67,2.389,13.035,102.196,0
2569.958,99.377,29.848,2.794,13.549,40.419,0
3452.371,89.328,18.775,1.425,13.861,60.494,1
3753.96,89.225,35.41,3.61,14.187,107.189,0
3789.977,99.142,57.965,0.147,13.488,58.937,1
3235.438,109.816,40.553,2.835,13.01,122.028,0
3115.641,93.768,25.919,3.511,15.2,94.705,1
2835.143,85.432,36.172,2.142,15.2,104.606,1
2955.935,78.1,24.146,3.168,13.929,140.843,0
2091.729,71.767,28.498,0.716,13.119,99.392,1
1918.171,101.328,46.666,0.762,15.128,154.248,1
2447.807,100.092,27.914,2.926,12.498,126.007,0
2339.38,100.083,55.352,3.721,13.499,61.445,1
2155.402,90.199,41.147,0.0,13.173,143.192,0
2902.652,111.697,43.027,3.44,12.756,96.874,0
3070.948,85.222,38.66,1.522,13.548,67.239,0
2507.464,105.374,51.274,2.153,13.022,97.527,0
3410.395,91.458,51.398,0.089,13.811,135.055,1
1707.902,83.483,46.021,0.967,13.824,105.477,0
2324.121,100.295,48.777,4.239,13.241,167.008,0
1984.065,97.735,39.455,2.559,13.467,133.894,0
1236.751,96.998,48.506,1.811,13.592,108.542,1
2396.258,93.138,37.945,2.29,14.529,38.827,1
2370.864,91.469,42.027,3.381,13.666,76.912,0
3433.742,125.0,38.704,3.293,14.542,88.225,0
2860.028,108.58,36.513,2.365,14.327,116.348,0
1784.279,102.12,33.731,4.467,14.314,113.68,0
3655.16,93.565,47.612,4.247,15.049,92.629,1
3243.672,106.1,57.727,3.244,12.793,90.416,0
2828.364,99.252,56.053,2.598,13.374,117.421,1
2302.785,92.367,26.921,3.683,15.2,46.364,1
1826.364,87.75,57.47,3.066,13.568,161.298,0
2208.066,90.867,38.182,4.409,11.266,5.0,0
3157.687,65.0,49.209,4.119,13.617,150.493,0
3674.981,94.948,31.125,0.667,13.921,82.967,1
3453.108,85.161,43.704,0.545,11.445,130.116,0
2132.248,114.297,45.765,1.238,15.001,101.373,0
1722.249,92.271,24.185,4.257,13.158,100.572,0
2541.576,75.355,49.299,0.0,14.096,109.941,1
1300.514,91.302,58.151,3.211,13.597,121.407,0
2660.059,77.354,39.904,3.153,12.64,70.203,1
2354.058,98.628,58.322,4.593,12.837,131.566,0
2147.076,96.073,39.724,2.825,12.958,36.199,0
1413.443,105.41,52.195,0.082,14.777,84.76,1
2783.84,80.928,15.377,0.773,13.667,122.619,1
2103.744,92.476,71.025,0.372,13.33,129.776,1
1689.554,72.89,59.945,1.532,12.959,105.735,1
750.0,101.821,38.584,2.171,14.877,67.297,1
2432.115,99.264,18.335,0.402,15.118,125.352,0
3601.964,98.941,45.456,5.147,14.866,54.879,1
3529.818,92.023,24.673,0.114,14.243,163.813,0
2152.887,97.807,47.338,4.923,14.061,81.19,1
2058.562,114.461,46.939,4.633,12.706,15.717,0
2754.703,88.009,30.703,4.117,13.579,31.239,0
1801.049,93.941,55.452,1.251,13.185,86.964,1
2646.165,76.794,51.667,3.116,12.157,91.292,0
2947.952,79.844,53.71,0.201,14.751,173.635,1
3247.507,93.369,42.106,4.14,13.174,38.268,1
2384.9,107.455,25.014,2.367,14.876,86.776,1
2317.612,88.412,53.734,1.763,14.594,37.326,1
1879.311,88.697,38.756,0.297,14.301,62.831,0
1912.528,86.304,25.323,0.0,14.352,160.779,0
2302.789,84.513,58.224,0.631,13.246,33.865,1
2688.788,96.13,67.193,4.503,15.2,111.417,1
3043.83,71.038,41.505,1.775,13.839,102.681,0
1927.934,109.933,67.909,2.195,14.072,83.912,1
3420.248,82.684,43.096,3.68,13.216,108.375,0
2273.77,102.107,37.435,5.75,12.962,32.799,0
2436.111,74.22,34.434,4.885,14.23,159.535,0
1964.312,101.364,61.645,0.75,13.996,171.618,1
874.244,101.407,32.638,0.0,13.09,87.12,0
3024.63,97.379,50.823,6.747,12.505,194.04,0
2928.949,78.078,35.29,6.584,12.657,67.044,0
2267.137,95.494,36.476,2.839,14.877,103.019,1
2493.544,75.437,54.363,0.213,13.248,149.435,0
2785.36,88.461,37.44,4.234,13.495,64.345,0
1434.345,106.412,37.142,2.306,15.105,22.83,1
2106.116,103.154,55.594,2.297,12.79,12.473,1
2966.272,92.213,61.169,4.11,13.146,177.737,0
1634.712,78.353,49.736,3.102,13.108,61.194,0
2640.813,101.038,34.143,0.366,15.2,76.642,1
1568.222,92.271,35.873,1.915,15.2,34.926,1
2753.179,65.0,42.959,3.69,14.476,127.675,1
2426.833,102.957,45.851,3.418,14.505,49.83,1
1400.164,91.661,30.146,2.972,13.278,62.893,0
3207.081,108.834,50.676,4.18,15.2,98.478,1
1972.515,76.666,43.026,1.849,14.041,37.118,1
1923.336,65.0,21.412,2.822,14.568,76.964,1
2580.37,95.907,30.853,0.0,13.705,148.099,0
3196.614,96.082,35.95,1.691,13.559,104.271,0
1789.716,68.331,41.126,3.875,15.2,90.874,1
2490.092,78.301,64.671,1.797,14.286,94.669,1
2728.731,125.0,44.858,1.661,15.106,67.489,1
2900.519,87.721,31.911,0.625,14.03,174.827,0
2564.687,102.233,44.648,4.306,13.036,48.453,1
2211.432,82.891,37.775,3.487,13.275,94.492,0
1912.066,65.0,45.897,3.986,13.893,90.176,0
2505.994,89.616,48.967,0.0,13.236,130.394,0
1753.11,88.282,56.511,2.211,12.803,134.643,0
750.0,86.402,41.709,1.996,14.881,83.559,1
2733.764,90.395,61.668,1.995,13.31,98.08,1
3037.558,95.7,52.896,1.391,13.924,99.784,1
914.094,89.898,33.511,1.877,14.067,5.0,1
1793.675,74.304,68.518,4.029,13.271,13.495,1
2852.45,98.807,45.924,0.0,15.106,57.772,1
3787.372,65.0,31.979,5.699,12.795,59.728,0
2463.516,65.0,61.835,3.371,14.035,31.032,1
1976.798,102.349,66.933,2.424,14.022,118.731,0
2331.117,99.098,41.604,4.132,13.751,85.095,0
3343.67,91.196,35.956,0.0,12.633,75.339,1
2030.123,72.464,39.932,1.304,14.584,28.473,1
1930.525,82.089,50.577,2.282,14.469,82.995,1
2136.217,88.322,57.334,4.958,13.192,5.0,1
1830.336,69.657,48.846,2.416,14.437,77.667,1
2529.736,81.654,43.221,3.31,14.137,87.843,1
3506.041,101.133,59.976,1.439,12.647,95.886,0
2660.002,111.982,38.246,3.376,13.031,14.615,0
2285.97,86.128,54.371,5.519,14.824,95.117,0
2260.323,102.591,38.543,4.292,14.078,38.136,1
1433.926,65.203,47.172,2.353,13.292,48.439,1
3024.021,101.232,40.637,3.716,13.027,117.307,0
2399.406,80.745,41.33,3.54,13.336,175.635,0
2332.688,96.303,37.471,3.412,13.4,87.311,0
4525.52,88.531,58.138,4.502,13.039,48.231,0
2644.189,110.486,33.205,4.488,12.232,93.49,0
1961.336,79.758,33.117,2.271,14.826,127.256,0
2172.868,100.786,67.452,3.655,14.674,112.945,1
3196.49,88.087,53.734,1.81,12.654,208.44,0
2523.626,89.784,13.379,0.838,13.923,52.81,1
1515.119,89.426,35.217,2.015,12.988,96.35,0
3047.499,80.161,20.256,2.363,13.565,154.701,0
2015.706,91.803,30.592,0.0,13.49,151.877,0
3667.644,91.123,10.0,4.049,13.415,5.0,0
3152.031,95.377,40.356,0.0,15.2,84.849,1
2159.241,93.183,28.297,7.387,13.404,151.803,0
3282.661,103.172,42.719,5.203,13.073,215.079,0
2494.106,104.929,22.499,2.03,13.114,116.671,0
3004.303,77.291,42.995,2.517,14.739,68.446,1
2765.076,104.163,37.021,3.045,12.313,39.586,0
1899.868,75.391,60.023,1.44,13.114,184.843,0
2031.693,100.23,58.936,2.847,15.102,117.793,1
3119.475,100.676,51.424,2.241,14.02,46.837,1
2232.396,65.242,38.081,2.33,13.973,75.858,0
2187.628,93.302,65.825,2.827,15.2,98.958,1
1829.17,85.441,23.364,0.136,14.022,109.471,0
2725.339,81.377,25.157,2.571,13.163,44.517,0
3790.641,110.912,40.995,2.794,13.546,57.361,1
1756.104,82.848,69.048,2.732,12.778,10.618,1
2465.743,80.711,39.572,2.112,14.93,131.789,1
3367.943,93.06,39.801,4.548,14.317,69.627,1
2398.233,101.598,24.697,1.863,14.812,105.984,1
2744.042,90.017,53.351,2.909,14.892,149.002,0
1759.444,108.329,53.438,4.835,13.427,94.894,1
2728.4,99.434,51.469,2.357,12.95,79.916,0
2328.356,65.0,34.449,2.886,13.753,93.726,1
3090.724,84.587,33.52,2.327,13.015,87.844,1
3221.801,84.134,26.483,4.727,13.948,141.077,0
4133.216,98.711,43.006,2.036,14.819,98.988,1
2826.762,65.0,29.035,4.81,13.649,60.502,1
2661.768,125.0,27.871,2.314,13.935,132.153,0
2576.35,99.434,36.916,0.953,13.716,140.372,0
2220.442,94.084,36.13,3.723,14.522,24.775,1
2670.014,108.542,35.544,1.952,13.199,153.975,0
2257.989,124.811,47.597,3.617,11.823,101.412,0
2559.5,104.19,42.949,0.0,14.224,97.747,1
3306.438,105.283,38.542,2.509,14.689,130.298,1
1795.747,93.83,44.196,1.673,14.202,59.486,1
3190.921,90.019,30.102,0.586,13.224,127.937,0
3306.125,85.339,43.263,1.504,12.778,68.045,1
2373.255,80.434,43.807,1.467,14.245,18.627,1
1070.794,82.382,23.963,2.414,13.927,40.101,1
2054.916,73.092,53.948,0.039,13.687,110.516,1
3293.046,90.938,31.423,3.069,15.2,42.454,1
2435.136,68.415,43.084,4.959,12.948,157.453,0
1800.454,94.673,55.973,3.006,15.2,138.518,1
2121.896,91.491,53.108,3.956,13.829,145.005,0
2996.403,94.057,42.412,4.47,12.148,90.615,0
2805.377,84.69,37.65,4.726,13.639,96.604,0
2294.694,125.0,53.37,5.866,14.664,31.283,1
2211.564,111.042,50.096,1.601,13.471,129.81,0
2195.357,74.576,34.58,1.207,12.473,102.093,0
1850.433,95.26,32.461,3.91,13.652,110.529,0
3499.994,83.488,17.132,3.775,13.029,160.974,0
2240.492,77.797,43.848,3.896,14.243,57.732,1
3241.153,73.239,41.008,5.901,14.496,79.324,1
3438.855,98.051,55.634,2.52,12.849,99.7,0
3098.902,82.461,46.309,3.267,13.165,42.905,1
2169.447,105.55,58.011,0.735,14.481,76.558,1
2712.425,105.913,33.632,6.344,13.027,107.183,0
2434.273,111.235,55.658,1.894,12.826,70.356,0
1862.594,80.067,35.653,1.945,12.739,143.905,0
2660.834,98.655,51.331,1.876,14.117,17.008,1
1683.624,100.854,24.495,1.339,14.078,135.525,0
3221.992,85.362,44.822,1.187,13.184,114.753,0
2147.999,81.195,18.184,1.557,13.805,59.403,1
2580.754,114.533,38.794,0.042,15.174,43.402,1
2634.137,95.185,47.284,1.086,12.923,5.0,1
2281.712,100.904,35.748,6.008,12.043,49.217,0
2831.351,80.491,29.395,3.824,14.21,132.123,0
2141.313,74.93,52.153,4.167,13.701,82.476,1
3016.343,84.028,40.758,4.619,13.161,137.334,0
1575.113,90.264,36.125,5.801,14.387,57.106,1
2532.147,77.101,42.503,0.0,14.555,116.82,1
3710.304,91.862,73.64,0.286,11.813,52.713,1
1799.785,68.361,55.842,1.053,13.213,41.549,1
2009.466,76.319,55.951,1.654,15.2,80.179,1
2784.04,101.393,47.227,1.959,14.325,55.077,1
2566.728,100.453,43.998,1.695,14.408,15.573,1
2677.91,86.514,13.247,2.895,14.856,76.796,0
2767.972,77.751,33.852,2.564,13.815,89.79,0
2862.569,77.616,36.233,1.199,14.517,142.076,0
3171.305,86.774,19.501,0.0,14.446,127.156,0
2716.382,101.023,28.111,0.713,14.285,139.897,0
2293.183,104.995,18.23,1.511,13.51,117.416,0
2887.173,85.049,41.54,2.055,13.955,99.968,1
3684.923,75.851,51.825,0.467,13.27,29.697,1
2363.788,95.75,55.281,1.617,13.812,91.744,1
1816.556,80.471,46.977,0.464,12.748,111.856,0
3169.602,84.744,30.439,2.274,13.088,150.585,0
2371.752,110.554,18.815,0.568,13.546,115.883,0
1037.765,103.58,20.918,0.972,12.951,140.817,0
3000.824,94.212,26.772,0.144,13.345,38.56,1
2102.037,74.193,31.334,2.224,13.652,70.311,0
2391.153,94.96,40.083,0.94,14.162,104.321,1
2665.787,106.877,29.83,4.132,14.654,137.243,0
2573.825,86.741,46.068,3.231,13.383,78.465,0
2911.144,110.916,39.213,2.374,15.002,81.29,1
2166.934,110.098,42.127,1.065,14.645,115.921,1
2783.519,115.292,55.683,3.185,14.254,34.336,1
2281.295,96.273,27.837,3.743,13.938,157.333,0
2930.227,100.223,47.024,2.757,14.087,45.439,1
2849.989,111.799,41.832,5.387,14.868,5.0,1
1841.965,98.264,37.998,3.327,14.901,85.453,1
3155.888,84.983,52.623,4.144,15.001,161.431,0
2101.624,85.72,52.548,2.74,13.837,111.39,0
2975.238,95.34,30.642,3.716,14.299,118.799,0
2688.737,73.932,39.814,1.066,15.009,86.862,1
3644.819,89.994,45.375,1.675,13.239,78.143,0
2304.747,107.352,38.724,3.129,13.513,15.479,1
2222.944,65.0,49.02,3.116,13.814,5.0,1
2437.377,113.483,45.374,3.414,14.61,93.832,1
2252.933,107.713,63.991,4.481,14.624,144.065,0
2969.962,85.563,23.637,0.0,13.592,100.486,0
1399.398,99.607,40.531,0.746,12.442,113.062,0
1765.106,92.044,31.098,2.913,14.022,156.267,0
1755.928,109.22,49.249,1.196,12.974,99.795,0
3067.7,105.758,22.594,8.58,12.459,79.481,0
3561.899,72.399,46.156,3.428,12.663,48.166,0
2382.108,100.222,34.439,2.359,14.094,176.0,0
2340.266,89.121,33.19,1.572,15.025,108.695,1
2495.534,93.16,24.642,1.636,13.835,42.538,1
3205.221,81.806,36.419,2.554,13.99,32.297,1
1847.22,116.474,55.014,2.702,14.865,141.388,1
2604.94,106.561,41.698,1.678,12.41,38.315,0
3083.878,81.643,49.532,2.008,14.268,168.423,0
2775.711,73.315,61.976,4.92,13.79,5.0,1
2573.228,86.601,45.165,4.992,14.309,149.017,0
3100.68,98.083,35.294,2.954,13.365,106.91,0
750.0,95.363,47.607,0.086,13.064,90.337,0
2890.619,109.544,35.468,3.469,13.926,77.104,0
2024.851,103.059,35.947,5.298,15.2,170.083,0
1260.089,105.574,23.761,4.966,14.575,116.818,0
2782.282,96.576,53.115,3.822,13.343,44.356,1
3342.878,72.55,37.368,5.06,12.593,7.649,0
2360.658,89.26,44.185,2.596,12.286,92.978,0
3069.368,106.841,29.568,3.631,14.984,84.952,1
3497.981,91.279,47.231,1.275,12.94,16.606,1
3304.694,99.043,32.857,3.026,13.507,82.507,0
3515.977,87.538,40.299,4.893,14.989,59.173,1
2932.383,77.583,52.534,1.439,12.347,85.418,0
2499.032,90.273,51.489,0.949,15.143,117.667,1
1408.722,96.327,41.736,2.675,13.572,152.167,0
2290.059,82.82,20.782,2.092,12.766,125.9,0
1901.89,88.7,75.0,3.668,13.577,52.535,1
3861.113,78.848,62.95,1.684,13.15,101.601,1
2335.674,107.669,50.672,5.593,14.197,87.84,0
2530.083,87.878,32.962,0.179,13.217,25.054,1
2808.465,112.339,40.637,4.757,12.08,102.92,0
2478.342,113.402,35.479,1.123,13.601,168.55,0
3551.783,90.865,57.166,0.0,12.579,86.459,1
2045.278,77.882,45.15,2.928,13.984,13.262,1
2576.495,65.0,32.59,2.042,12.732,86.362,0
1967.394,71.391,36.351,0.503,13.361,30.383,1
1591.985,72.766,55.454,0.0,13.964,123.862,1
2052.35,111.299,61.201,2.485,13.609,108.619,0
2425.926,93.622,60.34,4.257,14.025,77.309,1
2170.954,97.454,51.084,3.553,14.412,70.098,1
1999.926,65.0,38.969,2.602,12.758,75.449,0
1535.894,75.228,10.0,3.362,13.742,85.372,0
2395.981,104.419,45.566,2.451,10.803,50.249,0
1471.932,96.015,41.978,0.0,14.023,22.551,1
2944.036,89.939,43.68,0.0,13.529,136.241,1
2503.586,99.908,42.647,2.134,12.915,67.657,0
1502.592,114.901,26.085,2.211,14.084,92.517,0
2249.014,88.905,48.689,4.032,14.855,97.838,1
1961.098,92.971,49.587,3.863,13.372,99.491,0
2657.463,94.696,50.188,3.589,12.95,32.178,0
3321.293,125.0,53.359,1.995,13.949,9.587,1
1231.138,65.0,49.249,0.015,12.598,58.509,1
2524.767,101.565,37.08,3.242,13.206,102.807,0
2345.914,90.393,41.15,3.445,14.9,52.242,1
2886.371,99.935,43.093,0.0,13.856,69.029,1
2588.578,82.797,43.292,0.998,12.108,180.728,0
1961.22,91.314,53.979,1.256,12.183,5.0,1
2242.615,101.96,49.724,2.713,13.946,51.023,0
1932.583,125.0,66.928,1.054,14.576,170.347,0
3149.405,103.313,68.478,2.431,12.344,82.993,0
2463.853,80.127,42.956,2.121,14.205,53.231,1
3685.774,86.067,10.0,2.214,14.997,137.595,0
2410.57,85.652,56.842,1.21,15.2,87.485,1
1989.536,66.861,35.515,1.35,14.098,69.326,1
1466.086,87.379,32.382,0.556,14.256,93.657,1
1277.959,102.26,37.219,3.184,11.88,55.385,0
1420.312,74.161,36.64,3.528,15.2,39.213,1
2623.632,106.679,49.347,1.113,13.282,79.888,1
2780.671,98.829,23.287,5.237,12.96,39.505,0
1422.226,81.721,29.067,1.934,13.57,85.481,1
3031.775,90.019,46.118,5.254,15.161,100.948,1
2136.01,114.377,49.475,1.344,15.2,123.388,1
2545.415,102.27,49.698,0.0,13.913,135.757,0
3497.943,92.123,32.556,3.224,14.698,66.742,1
3032.946,88.672,30.261,2.947,13.839,107.474,0
2275.455,93.073,35.92,2.562,12.866,107.164,0
1870.725,84.835,44.878,1.344,15.129,99.752,1
1051.32,65.0,59.826,2.438,13.24,63.424,1
1982.55,120.59,17.431,1.58,15.182,38.737,1
2312.765,94.175,39.351,1.956,14.969,107.59,1
1808.333,97.574,26.008,4.015,14.353,8.191,1
2364.683,91.189,22.173,2.832,15.2,72.947,1
2499.954,81.708,53.603,3.598,15.2,5.0,1
2303.844,89.397,48.535,2.083,13.642,24.862,1
2027.498,69.608,47.393,1.884,13.072,45.529,1
2559.626,123.879,53.052,0.424,12.122,134.353,0
2737.261,74.717,36.243,1.834,15.2,115.965,1
1741.241,77.552,36.808,0.0,13.404,60.073,1
3367.106,85.836,68.229,1.438,14.822,117.822,1
2385.918,110.033,39.041,2.353,13.133,124.943,0
2462.252,92.203,50.822,3.515,15.184,77.77,1
2910.339,74.694,42.077,2.016,13.17,22.703,1
2601.59,109.561,19.821,3.126,12.727,75.644,0
3069.539,102.234,17.464,0.0,13.612,80.595,1
2636.631,99.538,35.052,2.398,13.321,29.54,0
2051.916,102.02,54.673,0.0,14.337,101.517,1
2684.977,125.0,51.459,0.325,13.754,97.592,1
1706.578,122.591,52.969,2.163,14.365,105.027,0
2520.564,82.386,30.155,4.797,13.538,97.552,0
2428.401,114.734,61.39,3.168,13.201,117.843,0
2314.724,97.364,30.421,2.533,13.275,76.93,0
2366.451,98.987,44.554,2.465,15.2,94.08,1
1226.798,68.308,41.876,1.215,14.003,67.102,1
2093.329,89.615,39.914,1.521,12.015,58.698,0
2510.349,80.62,58.063,3.269,13.332,145.221,0
2553.907,103.593,33.539,0.006,13.887,5.0,1
1782.011,106.995,25.805,3.567,15.2,124.454,0
3272.71,65.0,42.24,1.801,14.726,57.076,1
1886.986,91.692,37.202,3.986,12.97,51.248,0
3080.147,107.706,75.0,4.23,15.2,96.771,1
2727.676,89.386,50.118,0.0,13.772,17.968,1
2029.952,102.207,37.088,1.453,14.922,48.279,1
3603.952,96.916,29.327,0.96,12.76,46.789,1
1674.136,96.783,19.437,0.0,11.642,75.037,0
3047.45,88.202,29.697,0.641,12.532,48.814,1
3100.379,74.968,43.379,6.894,10.875,157.05,0
2014.097,76.299,59.128,3.597,15.2,165.866,1
3355.102,101.931,55.46,5.951,13.993,5.0,1
2287.47,92.272,44.749,3.992,12.968,109.495,0
2637.651,90.061,38.122,1.165,14.207,123.64,0
2619.209,86.066,45.226,1.813,13.97,109.434,1
2362.699,87.727,35.776,3.559,14.359,55.385,1
2977.025,106.657,62.62,3.288,14.889,74.016,1
2965.768,87.307,39.73,1.461,13.539,51.328,1
1313.454,73.225,40.964,0.0,13.008,66.088,1
3297.821,102.411,15.41,8.418,14.545,30.552,0
1369.38,89.132,39.655,2.246,14.522,79.835,1
3121.155,92.44,52.038,1.914,13.891,17.374,1
3182.358,114.506,29.187,2.704,15.2,75.994,1
1740.872,91.712,32.991,2.063,13.406,28.814,0
2182.971,96.049,51.513,2.721,12.99,94.307,0
1731.292,75.495,24.28,4.817,14.176,54.426,0
2310.301,88.925,54.694,2.276,13.193,98.076,0
2249.778,100.533,35.614,0.407,14.246,133.671,0
2956.779,70.225,37.337,2.209,13.05,156.525,0
3301.701,94.812,28.513,1.664,13.44,5.0,1
3357.194,93.411,46.537,5.063,15.2,47.461,1
2084.591,92.578,71.518,4.608,13.435,71.361,1
2314.006,106.52,51.378,2.694,13.081,105.715,0
1355.765,96.682,31.629,0.198,14.854,10.734,1
1926.184,112.693,55.627,0.293,12.854,40.806,1
3077.154,78.09,38.2,2.527,13.176,90.866,1
3500.129,93.903,58.494,3.105,14.319,88.82,1
1647.673,93.183,51.68,1.826,14.645,101.993,1
2064.898,77.03,10.0,1.636,14.898,104.965,1
2432.836,105.388,29.951,1.433,13.128,100.237,0
2632.105,124.545,53.333,2.458,14.336,93.714,0
1923.758,91.762,43.82,0.0,13.381,87.508,1
2725.64,99.07,29.715,0.518,13.255,114.914,0
2142.004,93.183,34.397,1.371,14.883,5.0,1
2440.606,82.01,19.125,4.674,13.305,154.495,0
2805.085,66.509,40.94,1.035,14.05,5.0,1
2454.174,82.119,68.528,2.825,13.94,36.438,1
2166.349,72.513,51.659,2.908,12.836,74.796,1
2378.754,115.857,68.285,4.836,14.669,115.268,1
2392.564,90.388,52.589,4.773,14.304,5.0,1
2209.493,87.157,54.33,2.396,12.012,83.734,0
2281.783,104.448,65.689,1.644,14.05,120.658,1
3489.121,76.295,46.527,1.305,13.104,129.753,0
2814.598,81.264,39.753,2.066,14.787,53.62,1
2257.938,92.953,54.392,1.719,12.499,71.462,0
2903.02,106.403,59.446,3.497,13.479,57.273,1
2233.017,99.024,36.24,3.257,14.126,67.33,0
3212.531,95.477,33.341,3.565,13.849,38.568,1
2690.267,93.094,43.666,4.767,14.487,44.984,1
2380.254,97.603,51.978,5.853,12.433,104.547,0
2741.016,94.823,51.577,2.724,15.2,90.923,1
1428.931,77.58,24.91,4.479,14.273,107.121,0
1717.601,92.645,64.939,1.867,15.024,94.631,1
1673.949,76.968,34.306,4.633,14.587,116.695,1
2542.913,93.135,38.819,4.411,13.79,124.52,0
3576.135,85.271,31.168,4.315,12.644,6.623,0
3900.345,125.0,74.38,2.669,13.293,46.556,1
2864.733,91.441,44.905,1.297,15.2,74.588,1
2775.549,72.341,31.788,0.0,15.047,83.98,1
1279.312,90.121,52.367,2.428,13.242,54.846,0
2097.262,99.271,51.23,5.259,11.264,126.041,0
1937.941,115.427,39.747,1.942,13.609,174.098,0
2046.449,83.748,52.087,3.913,13.541,93.377,1
2340.707,69.846,32.096,4.019,13.575,88.795,0
2143.141,103.436,36.085,1.989,14.276,123.226,0
1163.455,72.672,17.877,4.869,14.589,5.0,1
2936.142,85.894,26.113,0.0,14.691,86.281,1
1752.717,88.393,63.692,0.299,14.201,129.057,1
2605.51,91.025,61.697,0.852,12.179,56.058,0
3798.154,101.648,42.789,1.025,13.493,29.805,1
1852.4,82.429,61.955,3.105,15.2,76.639,1
805.313,88.168,40.079,3.022,14.137,82.269,1
2264.097,91.8,39.079,3.209,14.131,44.111,1
3165.624,94.094,42.678,3.573,14.124,179.327,0
3722.926,93.37,40.501,0.79,14.174,63.459,1
1650.793,98.104,39.418,0.307,11.655,33.085,0
2772.854,103.814,55.721,3.213,13.584,80.787,0
2147.548,97.497,43.802,1.366,13.766,125.854,0
2381.134,98.35,50.55,0.0,14.953,85.784,1
4168.823,69.849,54.377,4.248,13.843,106.852,1
1473.069,92.703,46.658,5.011,12.318,45.782,0
2614.931,98.713,30.357,5.303,14.187,151.946,0
2754.001,102.205,25.766,2.837,13.077,110.277,0
3155.761,82.307,43.785,3.627,12.705,132.147,0
2513.689,82.773,39.945,4.966,13.049,101.432,0
2650.233,83.963,43.049,1.345,14.288,122.12,1
2195.428,99.51,41.807,4.499,14.933,45.713,1
2624.933,106.474,73.003,2.996,14.235,62.887,1
2226.925,86.296,26.037,4.145,14.369,145.592,0
2854.022,104.711,18.121,2.835,14.226,155.188,0
2209.753,93.729,45.989,4.833,13.891,33.382,0
2695.115,90.26,37.483,2.902,14.427,96.238,1
2430.979,89.041,45.793,0.0,11.623,65.608,0
3181.933,102.453,49.007,5.113,13.9,53.634,1
2416.594,96.558,57.409,0.794,12.86,97.818,0
1297.529,123.862,23.913,4.756,14.847,136.343,0
3270.249,80.069,35.319,2.338,13.668,105.325,1
1861.274,99.253,47.145,4.617,13.828,70.622,0
2025.052,84.591,51.246,4.543,12.445,108.169,0
2062.82,79.83,68.321,3.274,14.715,68.801,1
3343.385,91.848,53.468,3.415,14.365,103.545,1
1061.812,93.923,41.319,3.261,14.301,147.841,0
4489.537,125.0,31.315,0.0,13.068,5.0,1
3136.437,89.422,35.229,2.713,13.104,120.876,0
2595.105,76.177,34.888,0.491,14.001,15.743,1
2414.319,95.822,49.863,2.808,13.175,140.275,0
2635.61,65.0,45.084,0.443,14.191,56.334,1
2788.73,90.713,26.116,0.367,11.855,30.205,0
2869.39,92.224,36.769,5.389,13.361,116.287,0
2811.143,103.124,52.531,4.425,15.2,101.388,1
2508.227,105.631,46.22,2.493,14.196,40.037,1
2321.73,84.95,48.824,2.833,13.95,28.615,1
2351.672,89.891,46.595,2.054,15.2,76.563,1
2323.31,81.274,61.517,3.526,11.698,30.816,0
3186.951,76.207,44.833,1.283,13.066,37.234,1
2835.812,96.339,37.368,4.289,13.439,90.203,0
750.0,74.17,31.011,2.044,14.573,41.536,1
2876.336,86.195,44.995,1.744,14.588,104.194,1
2576.579,78.068,12.712,2.539,13.021,152.056,0
2437.839,99.696,39.789,1.436,14.698,78.315,1
2197.463,117.22,39.53,3.092,13.437,90.857,0
3180.673,73.778,25.626,1.533,14.89,175.814,0
3065.892,66.058,30.861,3.343,12.871,31.558,0
1947.63,90.252,51.716,4.689,13.689,138.606,0
2714.584,92.22,44.769,1.205,13.359,133.189,0
1818.423,95.061,43.221,2.265,14.75,123.444,0
1553.248,85.752,45.676,3.33,13.329,143.129,0
2042.634,89.191,43.112,1.715,13.762,97.626,1
3010.556,97.145,56.914,3.336,14.256,58.768,1
3069.531,106.566,43.481,3.5,14.291,134.256,0
2783.506,65.0,24.501,4.45,14.598,135.978,0
2921.312,86.835,61.562,1.409,13.99,134.739,0
2785.516,94.993,46.444,0.803,13.424,87.003,1
2033.037,79.148,34.929,1.946,13.485,52.771,1
2730.75,116.236,26.959,0.758,13.823,93.611,0
2970.266,83.104,46.751,3.516,14.025,127.4,0
2940.289,91.422,40.594,0.409,13.668,131.096,0
3222.794,99.784,60.89,6.699,13.817,65.665,0
2910.398,83.722,37.849,4.833,12.434,99.192,0
2678.441,66.148,31.951,2.523,14.401,26.105,1
3145.598,85.999,52.75,4.061,13.963,129.323,1
2432.761,106.412,53.103,0.0,14.702,49.751,1
1876.781,87.283,44.024,7.042,13.8,120.336,0
2344.006,80.15,50.116,1.438,12.235,33.281,1
1965.813,104.959,41.548,2.283,13.477,131.414,0
2011.134,87.369,44.806,0.0,13.62,99.483,1
2356.063,84.858,55.98,3.375,14.469,49.839,1
1934.927,94.092,49.504,0.509,11.937,116.111,0
2249.825,102.791,39.969,2.683,13.837,58.434,0
1219.15,125.0,58.228,1.52,14.262,118.73,0
2588.641,103.581,13.622,0.56,13.205,72.665,0
2450.784,108.238,66.625,1.052,13.867,7.553,1
1918.892,84.916,21.528,2.906,13.236,40.791,0
2878.51,77.638,34.475,0.193,13.143,65.631,1
3059.421,92.873,41.509,1.152,13.432,146.569,0
1405.086,93.5,40.242,3.694,13.16,125.551,0
1954.229,76.901,54.077,7.184,14.415,158.074,0
1950.057,89.546,29.306,3.36,13.139,159.414,0
1839.063,97.59,45.129,0.849,12.987,60.936,1
2989.159,97.046,35.061,1.839,15.2,76.518,1
2324.013,99.06,45.542,2.557,14.665,66.492,1
2278.065,96.074,41.223,1.871,12.125,54.782,0
1147.489,84.902,43.115,4.126,13.112,5.0,1
2863.022,84.805,35.401,2.891,14.018,84.336,1
1644.482,75.215,35.879,4.134,14.091,27.15,1
2488.956,116.987,45.447,1.934,12.459,83.462,0
2630.295,92.188,53.325,4.886,14.843,180.21,0
3334.428,88.852,34.821,2.2,14.543,62.079,1
1599.267,78.997,31.575,0.752,14.234,93.765,1
750.0,125.0,49.362,6.419,15.021,125.799,0
2569.502,76.973,41.61,0.0,14.207,97.613,1
3620.332,85.996,51.966,1.17,14.204,98.162,1
3255.315,97.822,31.13,1.371,15.2,68.692,1
2586.279,100.403,20.647,7.015,14.791,74.565,0
2130.436,105.411,35.604,5.752,13.043,41.8,0
2974.63,117.307,32.804,5.189,14.37,123.072,0
1817.195,99.086,41.055,1.905,13.202,6.633,1
2759.633,77.216,34.358,6.867,14.254,128.699,0
2778.556,88.403,50.892,3.163,14.229,21.834,1
3139.136,96.31,38.542,4.259,12.555,128.317,0
4243.779,120.955,43.806,2.823,13.69,69.078,1
2705.07,72.431,43.892,2.411,14.039,29.566,1
2119.174,108.836,44.339,2.047,13.407,111.068,0
2433.377,94.519,41.71,2.123,14.083,126.795,0
1300.101,103.73,48.127,3.595,14.525,65.286,1
1998.436,90.572,32.452,3.161,13.772,117.427,0
2183.966,80.206,58.793,2.443,14.002,5.0,1
2109.343,102.512,39.162,5.217,15.045,25.573,1
2549.031,101.162,26.261,0.0,14.226,143.158,0
1915.427,105.609,44.257,3.418,13.981,74.935,0
3178.67,91.814,31.786,3.792,12.938,5.0,0
2450.135,83.602,49.984,4.565,14.404,53.551,1
2443.955,70.177,68.515,2.383,14.097,43.447,1
2236.868,103.471,32.561,2.874,14.955,77.532,1
2550.874,97.934,45.988,4.275,13.842,68.316,1
2986.314,78.479,20.934,5.184,12.165,93.052,0
1886.365,84.46,47.447,1.959,12.27,81.874,1
2022.224,85.465,31.371,2.981,14.462,146.188,0
2252.578,71.238,34.502,5.521,13.287,104.105,0
1575.184,80.552,28.785,0.0,14.193,105.595,1
1917.482,76.126,50.786,1.258,13.903,137.432,0
2140.456,86.225,54.088,5.139,13.65,67.505,0
3018.353,81.658,42.281,4.467,13.713,28.216,1
2620.665,69.222,31.627,3.44,13.021,139.314,0
2575.833,120.316,61.074,1.693,13.786,91.113,1
3003.084,109.536,32.995,0.913,13.274,91.271,0
2360.708,81.094,16.056,1.436,13.465,56.5,0
2703.802,95.814,47.501,5.286,13.509,57.242,0
2382.906,97.845,28.743,1.369,13.596,123.103,0
2622.486,108.675,53.863,2.683,14.63,129.31,1
2071.207,80.54,37.426,1.143,13.683,120.272,0
864.769,107.289,49.245,4.017,14.721,120.683,1
2362.719,84.329,58.818,1.53,15.184,110.606,1
3374.786,73.298,27.494,2.324,14.569,90.919,1
3052.04,102.138,35.209,0.0,14.281,77.108,1
3077.508,110.071,41.092,0.0,14.094,139.465,1
3253.485,125.0,60.451,2.514,14.579,68.183,1
2507.627,75.204,34.099,0.115,13.88,101.649,0
2578.255,101.785,34.866,6.289,14.686,48.819,0
2048.526,86.263,47.738,0.0,14.353,55.332,1
2244.553,102.967,35.073,1.06,13.476,74.373,0
2850.251,71.413,43.83,2.53,14.606,48.823,1
3232.525,74.321,23.382,1.843,13.882,120.903,0
2359.36,81.138,68.572,0.513,13.704,24.338,1
2157.377,93.105,25.827,0.776,13.371,89.465,1
2450.343,83.025,38.139,0.717,13.949,90.963,1
2840.784,101.227,41.61,1.984,14.697,5.0,1
1511.494,106.377,64.952,6.013,14.6,65.154,0
957.482,100.394,26.102,2.64,14.118,96.506,0
2092.151,114.663,65.804,4.629,14.34,104.293,0
1656.537,97.822,51.086,3.413,14.945,75.806,1
2119.709,74.963,47.005,4.505,13.665,115.46,0
2353.943,111.087,30.184,0.0,12.796,80.081,0
2155.389,83.528,48.854,1.952,14.971,85.614,1
3394.104,104.746,33.318,4.853,13.323,96.324,0
2662.384,114.032,57.2,1.471,13.179,126.715,0
2645.308,98.394,30.347,5.672,12.183,54.593,0
2854.435,71.054,40.642,5.171,14.314,63.093,1
1709.758,79.145,35.337,1.656,12.341,54.9,0
3125.423,110.518,30.15,1.594,13.125,70.051,1
2400.753,89.632,50.896,0.676,14.329,149.181,1
2885.812,93.114,48.426,1.367,14.45,110.773,1
1753.293,102.624,56.508,0.281,13.213,34.101,1
1440.057,101.749,20.641,3.272,13.679,57.98,0
2981.628,95.903,54.77,0.0,13.015,101.775,1
2694.666,89.079,72.065,3.587,13.306,44.207,0
1863.666,87.623,36.58,3.631,14.04,52.36,1
1884.719,104.011,64.742,0.0,13.349,145.523,1
3181.533,99.75,38.842,5.29,13.58,57.398,0
1676.882,88.398,25.531,3.424,12.482,127.96,0
3517.737,107.15,38.332,3.849,14.82,141.49,0
1864.597,90.194,54.578,1.134,14.259,51.994,1
2864.955,80.077,31.942,3.62,14.514,44.952,1
2236.398,81.374,34.796,4.528,14.961,72.574,0
2842.072,78.298,49.122,2.323,13.057,36.012,1
2096.326,88.186,42.037,6.103,13.477,90.447,0
2344.185,109.272,49.015,2.579,12.095,75.746,0
2476.597,80.729,44.854,4.553,15.2,101.226,1
1798.578,94.639,47.756,3.027,13.665,147.862,0
2931.536,82.806,36.812,3.554,14.735,121.787,0
2116.411,88.356,44.781,0.0,12.686,107.016,0
2301.41,70.859,30.872,3.168,14.697,5.0,1
1803.673,88.912,57.461,1.177,15.2,104.952,1
784.483,89.288,34.389,0.976,13.746,162.518,0
2325.832,99.564,55.546,5.639,12.89,5.0,0
4018.2,95.126,39.197,2.115,13.675,116.022,1
2959.993,75.223,44.424,0.694,11.796,77.829,0
2437.481,107.179,36.06,1.854,13.766,46.759,1
2279.121,94.944,29.808,0.159,14.539,121.051,1
2464.603,94.778,21.063,5.081,13.768,161.937,0
2805.627,91.871,29.336,1.248,13.544,119.885,0
1682.472,84.751,38.113,3.453,14.275,68.296,1
3174.309,95.049,44.543,4.941,14.344,42.544,1
2914.998,98.658,54.125,1.6,12.306,91.508,0
2916.821,67.543,36.651,3.458,13.88,124.293,0
2735.009,84.457,31.416,0.646,15.2,67.583,1
2462.751,88.431,24.687,6.902,12.598,71.933,0
2887.36,95.586,47.761,4.185,13.723,211.99,0
2834.679,108.706,58.598,2.153,15.2,133.539,1
2219.874,81.196,57.196,1.109,14.794,136.756,1
2077.159,85.029,50.519,2.295,13.338,19.287,1
2516.207,84.825,49.663,1.888,13.986,53.177,1
3456.863,80.779,62.371,6.015,13.798,88.361,0
1644.58,87.139,45.985,0.294,13.127,39.949,1
1496.109,102.791,49.754,2.743,13.733,157.018,0
2557.095,77.246,38.151,2.467,13.548,148.464,0
2483.077,97.989,25.655,2.289,13.901,60.99,0
2562.672,68.173,33.794,2.304,13.126,165.276,0
2608.57,84.141,41.89,2.291,12.651,84.809,1
2304.919,87.387,42.729,4.072,13.763,201.523,0
3418.411,115.448,65.115,3.596,15.2,91.511,1
1409.412,88.153,42.975,3.254,13.874,110.929,0
1911.477,65.0,56.146,0.0,13.502,147.996,1
2382.884,65.0,36.779,3.04,14.479,142.494,1
1381.927,92.476,38.26,0.0,13.658,107.983,0
2335.695,100.593,26.052,3.663,15.2,78.649,1
3529.956,97.256,33.092,5.154,13.796,108.136,0
2463.576,94.346,48.324,0.833,14.43,48.272,1
2599.956,108.272,42.091,2.029,13.121,91.846,0
1630.893,84.446,53.315,1.421,14.253,35.081,1
2049.365,104.529,44.175,4.724,14.048,5.0,0
2206.122,69.152,37.771,2.671,13.749,87.269,0
2243.485,79.331,67.78,5.611,13.348,141.803,0
3283.068,66.701,40.873,3.245,13.226,126.661,1
2812.499,88.152,55.956,2.936,14.054,81.314,1
1727.552,91.352,37.185,2.623,14.366,163.615,0
2610.228,93.597,50.515,3.972,13.686,59.392,1
2773.844,92.866,53.136,0.0,14.059,5.0,1
3191.097,79.014,44.502,2.654,13.766,5.0,1
3477.351,89.337,13.746,2.374,13.889,31.846,0
1790.189,71.036,42.219,3.806,13.62,121.748,0
1922.943,111.085,56.766,2.162,13.816,56.434,1
1632.574,87.749,48.33,0.63,15.2,105.743,1
2297.887,85.156,47.35,2.513,14.08,159.083,1
2753.133,114.245,21.333,0.551,14.381,35.496,1
3091.767,74.609,33.355,0.0,14.194,106.532,1
2400.632,76.242,46.936,3.809,13.563,109.253,0
2242.099,76.653,46.925,3.542,14.965,46.267,1
2548.643,91.05,56.576,3.341,13.538,145.939,0
1907.157,98.043,40.262,4.845,14.75,72.053,1
3808.2,102.355,46.87,1.303,13.499,67.731,0
1405.02,125.0,42.196,0.0,12.936,180.023,0
2570.081,65.0,30.157,2.374,14.129,108.525,1
3765.344,100.522,14.931,1.874,12.806,126.638,0
2454.42,84.2,47.172,0.984,14.282,145.97,0
2326.475,83.79,44.087,2.356,12.725,55.729,0
2217.66,83.323,34.582,1.399,13.513,141.242,0
2332.745,79.277,22.57,0.0,12.511,62.415,0
3342.352,115.583,49.557,1.706,15.2,60.492,1
1012.29,103.792,38.809,0.455,12.311,72.76,0
3446.732,92.325,48.682,2.917,13.809,57.007,1
1524.428,110.914,64.369,1.319,14.829,121.997,1
2276.676,70.825,16.303,4.501,14.733,97.024,1
2170.991,73.37,33.605,5.387,14.566,62.895,0
2832.56,65.0,39.487,3.723,13.514,115.353,0
1411.219,82.208,59.458,0.0,15.016,72.617,1
2750.412,94.264,22.363,5.209,14.622,70.237,1
3765.801,93.44,65.23,5.336,13.991,87.191,1
1563.937,94.091,43.63,2.534,14.017,105.856,0
2573.309,72.245,40.848,4.881,13.526,102.543,0
2019.712,103.244,39.623,1.507,12.981,68.654,0
2726.827,95.355,36.765,0.0,14.913,123.12,1
2462.446,102.263,54.577,1.131,14.981,74.992,1
2033.034,65.501,29.178,5.613,13.004,55.526,0
2767.117,96.361,46.145,0.0,13.662,18.939,1
3622.826,75.371,37.39,2.499,13.671,129.243,0
2325.913,86.437,32.854,2.561,13.771,85.558,0
2917.843,99.481,73.032,1.577,13.858,94.489,1
1609.373,93.275,47.029,1.702,14.652,132.061,0
1828.316,80.078,49.359,2.63,13.128,63.517,0
2757.064,92.088,55.653,1.488,13.038,23.152,1
3414.675,70.559,24.944,0.0,14.913,88.14,1
2681.149,108.104,63.028,2.887,13.384,98.858,0
2246.512,89.126,11.893,4.432,12.663,73.172,0
2449.539,107.66,32.775,4.065,13.363,151.318,0
1637.235,84.629,36.492,1.042,13.503,5.0,1
2842.935,84.67,48.981,0.248,15.199,135.403,1
3023.516,81.301,44.625,1.988,14.632,120.602,0
2156.141,104.266,39.998,5.322,14.833,105.555,0
2144.473,82.068,41.856,3.662,14.538,5.0,1
2622.821,101.024,30.264,3.767,14.652,142.775,0
2166.132,86.646,24.033,4.102,13.181,38.81,0
2407.014,65.0,50.718,3.257,13.621,62.154,1
3814.819,84.016,50.324,2.717,12.909,77.323,0
2289.433,75.492,61.014,3.692,13.611,103.334,1
2217.079,92.475,32.52,1.517,14.416,113.774,1
2029.098,75.334,50.314,0.0,13.921,125.178,1
2933.725,104.964,38.596,3.801,14.98,121.713,0
2332.204,90.725,56.286,4.728,12.773,96.382,0
2027.908,89.514,54.264,0.487,14.25,103.717,1
3308.848,101.182,44.535,3.979,12.677,35.916,0
3372.742,105.495,37.926,5.525,13.885,51.204,0
2059.725,91.719,53.531,2.496,14.466,125.296,1
1236.749,81.203,49.763,1.028,13.607,122.674,0
3104.884,67.164,33.787,2.721,14.296,117.571,1
2004.991,82.395,26.066,1.509,12.936,61.851,0
2963.907,83.359,38.538,1.39,12.303,125.972,0
1169.433,93.499,60.185,3.28,14.301,32.744,1
3030.188,87.168,55.758,0.0,15.2,133.481,1
1662.738,101.631,28.652,0.0,12.904,73.261,0
2924.997,83.418,27.987,2.535,14.9,160.788,0
2459.277,91.201,57.296,2.46,13.839,16.535,1
1829.939,108.576,28.372,3.118,12.598,164.353,0
2185.426,96.786,48.112,5.875,12.782,68.734,0
2896.107,91.159,34.607,2.688,13.814,67.923,1
2518.831,83.573,61.405,3.577,13.436,93.768,0
2829.868,83.135,32.755,0.744,12.618,53.631,0
3734.686,80.091,55.72,3.882,12.275,81.745,0
1433.243,84.426,44.218,1.552,13.038,51.807,1
3501.188,102.579,45.026,2.629,13.974,53.452,1
2517.831,88.894,18.356,2.304,13.794,106.91,0
1865.79,73.103,15.565,4.359,13.349,44.43,0
1585.296,116.754,39.353,0.142,13.982,50.431,1
2327.072,96.48,44.963,0.0,14.736,23.224,1
3049.073,72.303,28.498,2.116,14.155,62.323,1
2367.093,85.814,28.936,3.343,13.691,144.022,0
3432.251,93.552,48.738,2.774,14.635,46.933,1
1506.736,115.864,48.754,4.718,12.936,52.077,0
2442.142,76.486,40.347,3.287,13.598,93.726,0
1635.944,105.665,51.362,1.485,13.619,68.314,1
2686.361,111.593,27.91,0.0,12.687,185.267,0
3026.477,83.199,37.729,2.073,13.422,77.686,0
2176.505,88.115,61.775,4.35,11.933,100.085,0
757.261,77.492,42.82,1.794,15.2,127.47,1
2579.316,89.152,43.516,2.551,12.956,126.606,0
2733.88,91.488,69.671,3.258,15.2,95.498,1
2712.792,101.235,25.208,0.672,13.834,77.749,1
3253.258,107.263,51.557,3.622,14.308,176.081,0
1753.815,81.527,61.968,5.447,13.36,80.511,1
2892.14,65.0,38.102,2.189,13.987,65.124,1
3225.13,91.703,52.316,0.468,14.385,55.937,1
1293.918,96.11,30.216,2.38,14.398,7.294,1
2657.774,95.492,33.759,0.0,14.497,121.973,1
2122.283,87.427,46.62,3.106,13.469,5.0,1
2397.01,93.747,51.583,3.314,13.368,84.742,1
2675.99,113.216,55.451,5.516,12.365,75.781,0
2133.301,97.344,60.836,2.151,14.271,185.798,0
2010.79,86.773,41.191,3.235,14.774,5.0,1
2472.199,84.997,56.323,0.95,15.2,44.45,1
1743.29,89.622,37.892,1.858,14.075,78.876,1
1744.214,114.914,52.825,0.0,13.11,76.111,1
2891.593,89.434,44.49,2.149,12.273,60.27,0
1703.284,91.723,47.348,1.95,14.738,81.356,1
2883.103,85.248,47.082,3.039,12.183,28.32,0
2750.684,107.386,22.744,1.378,13.493,101.074,0
1328.226,119.438,28.511,2.65,13.598,5.0,0
2009.583,98.309,43.23,1.9,13.737,83.84,0
3226.171,93.159,21.753,1.903,13.832,57.984,1
1812.242,92.515,51.975,2.645,13.924,130.733,0
2148.137,65.0,52.459,2.573,11.626,163.989,0
2750.34,102.432,45.926,3.87,13.813,70.103,0
2959.204,93.878,28.546,2.283,11.793,147.583,0
2286.5,97.997,58.562,1.87,14.459,70.775,1
2061.618,82.04,66.447,2.175,13.3,41.524,1
3374.54,86.618,43.765,1.214,11.859,163.566,0
3580.285,86.246,48.126,1.852,13.067,108.435,1
3086.258,106.303,44.421,6.156,13.287,85.2,0
2505.457,86.697,48.364,0.857,14.872,115.923,1
1924.627,121.157,40.565,1.998,13.977,97.34,0
1910.211,98.032,41.585,1.803,14.11,81.885,1
2789.634,74.14,52.869,2.055,14.863,25.31,1
2721.959,90.2,70.147,1.904,13.713,72.826,1
3361.039,82.877,25.199,3.003,14.479,113.046,1
2872.793,65.0,40.754,0.0,14.415,79.475,1
1472.998,114.393,27.834,4.367,12.642,125.605,0
3133.766,101.844,61.104,3.639,15.126,102.264,1
1801.261,99.465,34.947,0.263,12.522,45.484,0
2200.419,94.316,24.682,0.0,14.626,25.637,1
2612.63,72.652,49.658,0.741,12.435,77.927,1
3747.184,85.229,62.932,2.063,14.341,61.41,1
4471.447,103.785,49.963,7.145,15.2,100.134,1
2844.37,77.283,44.458,3.478,13.608,52.684,1
2330.922,65.0,46.91,0.0,13.569,57.307,1
2797.429,88.821,58.978,1.259,14.349,132.388,1
3026.976,90.015,31.51,2.404,13.504,91.669,1
2241.566,93.898,40.658,2.957,15.2,53.377,1
3616.887,102.199,36.568,0.133,13.973,85.794,1
2599.546,100.926,27.986,2.257,13.512,147.051,0
2773.533,95.623,38.059,1.208,13.314,98.22,1
2882.851,108.737,55.293,0.513,12.96,111.683,0
2724.031,70.734,48.799,2.967,13.235,51.149,1
2995.311,99.064,49.732,3.893,13.484,131.189,0
2048.785,100.772,43.758,4.014,13.361,189.315,0
2087.104,74.646,48.28,3.534,13.208,49.384,1
1734.9,70.96,32.393,1.605,15.2,31.815,1
2735.676,81.557,38.286,3.786,12.873,92.899,0
2956.309,82.738,44.304,3.056,13.932,124.398,0
2747.552,102.548,45.33,2.741,14.333,80.887,1
3538.42,83.396,45.842,1.399,14.367,37.606,1
2446.363,80.011,40.34,1.606,13.747,80.114,0
2884.682,83.437,37.471,2.633,13.583,111.914,0
1740.394,107.661,75.0,6.892,14.206,66.684,1
2198.385,92.183,52.881,3.042,14.04,112.326,0
2902.1,89.49,46.958,1.4,13.567,137.412,0
3001.916,90.46,39.201,1.002,12.394,95.81,1
2258.921,110.089,36.585,1.615,13.379,83.742,0
2403.46,81.512,40.43,6.419,12.768,122.32,0
1463.382,110.417,45.514,1.781,13.2,46.475,1
2217.931,94.947,19.435,4.132,13.83,42.038,1
3028.749,89.754,23.167,1.823,14.123,73.004,1
2823.883,125.0,34.357,2.97,15.2,62.865,1
2775.433,77.221,44.486,3.925,13.316,48.85,1
2482.353,87.048,39.129,1.471,14.497,167.371,0
2454.591,74.746,59.737,1.346,14.075,182.74,1
2020.791,105.334,24.211,5.486,14.966,69.083,1
2904.238,115.649,32.984,4.272,14.319,89.127,0
2723.632,115.379,60.241,3.923,12.892,76.547,0
2769.812,109.135,43.573,3.917,12.249,134.837,0
2108.077,89.233,52.618,3.327,14.08,143.754,0
1050.327,86.887,66.615,6.132,13.324,5.023,1
3163.149,68.604,33.674,2.579,12.918,106.42,0
2138.756,120.502,40.808,3.539,12.659,26.193,0
1889.196,98.566,38.731,0.0,13.945,164.122,0
2900.761,85.113,18.545,1.015,15.157,104.811,1
2195.192,110.593,38.275,0.339,13.432,47.949,0
3138.959,78.381,52.573,4.793,14.331,74.141,1
2851.054,97.693,48.487,0.0,13.708,71.996,1
2894.32,89.583,49.429,1.776,12.64,108.63,0
1562.129,100.941,37.494,0.0,14.461,131.886,0
3237.764,91.11,34.127,1.004,12.815,33.331,1
2619.813,71.687,57.231,1.616,13.819,167.744,0
2209.97,93.058,36.032,4.993,13.493,157.256,0
2543.203,106.684,45.529,3.214,14.604,45.61,1
1295.447,91.591,43.96,1.0,12.848,88.276,0
2715.624,102.852,59.541,4.419,14.152,161.986,0
1780.909,77.363,53.657,2.532,13.044,140.481,0
1570.764,91.632,26.457,2.568,13.34,69.847,0
1460.467,83.257,27.749,0.335,10.528,121.645,0
3173.247,102.458,48.947,0.718,15.2,219.874,0
2040.979,92.441,41.228,1.015,14.296,89.732,1
3446.923,101.661,36.538,2.584,13.109,56.531,0
2101.729,107.228,54.188,2.64,12.788,92.759,0
1340.217,101.683,44.25,5.279,13.354,96.095,0
1724.259,95.824,42.629,3.193,14.445,61.396,1
3253.278,78.025,51.358,0.0,12.097,104.873,0
2348.666,91.961,37.499,2.973,13.673,28.552,1
2093.613,84.537,60.822,0.0,15.2,55.051,1
2554.012,87.183,32.543,0.761,12.779,119.121,0
2776.159,86.757,49.883,1.038,13.872,6.031,1
3176.309,78.281,59.206,1.306,15.2,125.643,1
3391.524,65.0,25.472,0.025,14.369,5.0,1
2216.15,82.646,37.88,2.866,13.913,7.09,1
1588.069,94.707,55.706,0.0,14.256,62.546,1
2181.248,73.126,55.887,3.142,13.439,97.909,0
2619.182,92.22,39.942,6.527,14.97,144.637,1
1823.557,118.604,33.184,0.107,13.441,87.593,0
1827.852,106.323,53.471,1.988,12.037,73.905,0
2673.462,115.01,56.203,0.0,13.448,111.081,1
2418.376,97.476,28.024,1.958,12.93,45.81,0
2471.318,108.345,27.553,3.657,13.547,91.274,0
1956.978,81.864,44.703,3.797,13.567,31.025,0
2300.24,82.979,49.552,2.639,14.878,88.717,1
1849.248,65.0,38.411,4.101,14.426,79.157,1
3028.629,108.606,50.152,7.083,14.037,48.808,0
3122.912,113.565,33.478,5.582,13.797,92.427,0
1249.978,84.256,16.624,1.559,12.847,92.135,0
1845.818,88.445,36.913,0.0,11.837,137.895,0
1477.256,81.446,42.759,1.769,13.902,12.746,1
2027.484,97.357,38.69,0.795,14.515,81.578,1
2395.765,107.749,28.097,3.312,13.702,50.788,0
1507.731,67.601,20.212,0.374,13.319,124.139,0
1850.791,97.732,35.831,2.369,14.218,118.926,0
1797.428,88.127,52.772,4.008,13.725,107.855,0
2584.724,93.588,57.074,2.319,15.2,53.328,1
2495.074,98.426,56.253,0.797,14.909,124.846,1
1980.871,89.365,32.209,4.615,14.664,16.144,1
2564.934,90.55,28.156,0.0,14.482,6.911,1
2094.658,89.006,47.96,1.91,12.639,27.586,1
2273.424,105.584,49.621,2.425,14.397,83.494,1
3537.744,97.863,46.802,2.529,14.139,115.382,1
3321.3,95.088,17.831,2.825,14.346,5.0,1
1605.272,74.207,31.597,3.599,14.243,144.523,0
2989.326,86.7,41.644,2.436,14.207,90.9,1
2977.408,104.581,47.847,1.837,15.2,14.45,1
1703.629,92.528,51.208,1.766,13.731,89.543,1
2982.205,101.233,43.731,1.399,14.643,134.164,0
3449.656,116.731,45.969,3.918,13.376,111.975,0
1720.346,106.54,43.018,1.336,14.512,134.458,1
1853.623,93.304,50.227,4.024,14.645,23.519,1
3111.48,84.846,45.754,2.534,14.128,66.37,1
2626.472,65.0,42.789,1.562,15.2,43.389,1
2808.46,89.643,38.78,3.613,13.004,162.291,0
2671.383,87.436,42.975,1.191,13.362,113.771,0
2703.952,97.465,47.815,3.649,13.991,213.115,0
1587.793,89.845,45.21,2.883,14.593,63.958,1
3130.757,87.515,46.57,1.427,13.961,52.39,1
3210.233,67.088,58.113,3.452,14.957,78.573,1
2300.896,78.84,45.182,3.484,13.204,147.026,0
2421.74,98.673,34.212,4.584,12.773,68.525,0
1454.78,116.023,52.603,4.239,14.077,90.6,0
2784.266,90.635,25.606,3.384,13.731,89.351,0
2821.837,96.589,29.023,0.47,14.289,86.777,1
2409.576,105.335,46.03,6.907,13.775,55.642,0
3180.83,80.647,48.197,0.0,13.494,78.822,1
2232.85,97.135,27.059,4.209,13.733,76.895,0
2816.994,81.633,37.406,3.276,13.826,84.66,1
1787.218,104.108,34.727,0.387,13.526,127.458,0
2434.691,94.12,36.16,2.276,13.617,164.228,0
2336.67,96.178,53.323,2.358,13.437,47.18,1
2596.45,81.044,50.478,4.85,14.571,67.36,1
2209.807,101.898,41.771,1.216,13.975,47.874,1
2364.543,121.186,35.448,2.028,15.2,93.42,0
2986.931,77.889,25.804,0.0,13.945,60.774,1
2166.103,87.243,59.042,5.623,13.304,95.791,0
1405.725,95.243,49.105,0.573,15.2,134.663,1
3587.23,103.01,33.52,3.088,14.172,5.0,0
3347.945,84.166,50.635,2.317,14.691,107.13,1
1610.029,65.0,41.157,2.324,14.333,64.292,1
2898.31,111.029,38.555,3.958,14.361,105.719,0
2123.066,102.647,47.223,5.508,14.282,44.659,1
2621.267,67.599,33.102,2.953,12.808,138.832,0
2641.246,83.494,37.875,3.679,14.131,126.098,1
2297.635,113.955,43.458,3.092,12.608,110.576,0
1940.552,112.269,36.007,4.332,13.643,120.695,0
2001.148,105.141,50.029,1.667,13.147,51.447,1
1854.475,89.534,64.429,4.436,14.122,57.117,1
1909.316,93.162,32.948,4.499,14.101,118.86,0
2406.334,90.167,22.018,4.449,14.233,50.452,0
1984.756,107.795,17.979,1.312,14.059,150.054,0
2893.334,79.738,40.194,2.197,13.254,70.438,0
3416.71,80.719,34.042,2.931,13.565,107.585,1
2072.965,106.144,44.494,0.032,14.628,179.466,1
2605.613,91.379,43.591,5.371,14.761,53.22,1
2774.795,111.299,22.761,2.478,12.768,88.094,0
2756.801,82.599,20.221,3.011,12.422,132.438,0
2499.371,91.233,45.551,1.461,13.146,127.807,0
2932.744,79.086,43.625,0.112,14.741,70.248,1
2763.462,92.103,36.89,1.413,14.893,61.747,1
1645.519,71.3,22.114,2.895,12.968,74.509,0
3014.951,85.173,47.657,3.712,14.077,150.154,0
3026.739,71.892,57.263,2.791,15.2,72.44,1
1953.864,101.715,45.336,3.124,14.174,88.515,0
2474.66,102.032,31.83,1.893,15.079,65.795,1
2894.164,67.776,42.535,3.393,14.699,116.75,0
2313.946,110.674,25.607,5.169,12.981,91.999,0
3147.436,125.0,54.696,3.769,13.629,39.845,1
3986.517,92.644,42.982,3.957,13.831,41.403,1
1939.109,83.024,20.782,3.029,13.894,5.0,1
1552.321,125.0,38.392,0.0,14.625,47.591,1
2647.482,73.534,47.56,0.62,14.168,120.728,1
2919.016,92.281,38.003,3.319,11.157,144.569,0
2299.937,94.515,38.689,2.48,12.618,115.85,0
3394.619,110.832,27.307,3.292,11.831,109.958,0
1579.906,97.036,48.798,5.518,13.958,79.306,0
2900.397,85.019,34.218,3.807,14.016,119.871,0
2056.19,78.683,16.123,4.766,14.055,97.883,0
3567.596,87.214,37.545,2.67,12.937,166.2,0
3745.135,77.903,53.774,1.047,14.407,80.57,1
1951.673,92.67,37.357,2.396,14.445,145.435,1
2092.788,84.101,62.856,1.051,12.67,124.335,0
3008.732,71.083,47.148,5.305,12.481,118.095,0
2198.365,109.572,46.065,3.923,13.8,5.0,1
2420.483,85.033,40.459,3.437,15.2,126.814,1
2466.502,74.246,41.181,4.725,15.2,79.262,1
1202.212,89.644,38.839,0.0,14.307,65.023,1
2441.005,92.957,38.373,3.559,13.143,18.269,1
2001.677,67.549,48.37,0.141,14.598,84.749,1
2129.47,96.643,30.77,2.487,13.393,86.51,0
3388.361,77.34,29.089,1.939,13.109,26.365,1
1633.271,115.954,28.522,3.691,11.87,18.702,0
2978.583,99.335,66.548,2.911,13.892,106.898,1
2268.674,86.401,48.364,4.921,13.233,124.227,0
2268.156,81.568,45.654,1.417,13.887,93.563,1
2963.742,90.53,29.31,3.776,11.731,136.788,0
2671.033,100.579,49.48,2.792,13.953,81.113,1
2820.898,91.643,40.601,0.0,11.612,82.554,0
3079.32,88.96,44.57,0.846,14.779,43.734,1
2234.65,92.817,30.281,2.23,14.27,14.789,1
2052.046,83.546,43.923,4.502,13.549,168.46,0
1744.652,87.195,36.914,3.335,14.306,135.908,0
1913.483,65.0,32.813,0.398,12.92,22.337,1
4366.911,105.632,50.809,2.247,13.865,92.009,1
3259.042,96.183,23.548,6.132,14.515,80.498,0
1571.802,81.172,48.777,2.7,11.015,72.67,0
1590.402,118.582,50.214,1.911,13.397,66.594,1
2763.213,93.218,31.444,3.385,13.78,102.157,0
2805.722,77.494,32.156,3.874,13.623,121.818,0
2806.774,103.994,39.324,1.679,15.111,103.108,1
2284.279,97.573,45.384,3.405,12.788,79.577,0
2368.455,97.524,40.166,1.908,13.241,77.925,0
2663.122,86.039,47.203,3.795,12.076,127.157,0
2505.83,98.307,63.156,2.805,15.159,105.855,1
1007.455,88.335,35.907,3.368,13.578,88.271,0
2300.63,99.783,21.418,1.133,13.405,83.384,0
1896.586,65.331,51.911,1.022,13.753,100.537,1
2563.887,85.926,62.2,4.202,14.373,63.924,1
4390.418,116.11,46.713,2.357,14.113,121.969,1
2688.863,81.261,28.947,3.013,15.2,36.586,1
2246.206,83.546,40.513,1.948,14.209,66.484,1
3049.171,85.729,28.578,4.118,13.381,112.5,0
2763.747,74.993,49.714,1.406,13.295,34.02,1
2723.061,65.0,25.785,2.256,13.447,14.215,1
2844.453,88.772,38.398,3.915,12.448,87.838,0
3786.753,93.902,29.948,4.611,13.836,8.659,1
1714.923,91.265,43.522,1.557,14.505,26.554,1
2757.861,89.972,37.604,6.027,13.248,119.047,0
1847.852,92.603,44.121,3.064,13.073,75.785,0
2811.083,106.32,42.268,0.623,15.164,142.847,1
1852.854,89.334,30.16,3.164,12.516,30.783,0
2178.712,83.963,49.523,1.811,11.939,80.772,0
2258.192,88.064,41.415,3.281,12.762,102.981,0
3084.281,100.111,30.138,2.423,12.414,32.327,0
3046.995,111.768,68.891,2.634,14.148,131.429,1
1640.284,83.206,47.717,0.859,13.475,107.981,0
2485.707,93.385,40.161,4.282,13.602,12.582,1
1988.773,96.737,58.982,0.419,14.838,83.302,1
1631.972,78.104,64.102,0.504,13.178,102.368,1
2308.939,92.286,40.256,3.161,14.498,58.447,1
2249.486,71.481,46.169,5.385,15.16,18.406,1
4027.366,67.233,30.144,1.865,13.39,97.531,1
2731.424,97.134,40.234,3.762,14.463,184.506,0
1554.549,86.626,39.611,4.432,13.582,67.586,0
2082.897,94.832,44.218,3.966,14.632,155.616,0
3113.899,91.749,45.993,1.94,12.386,51.147,0
3807.488,78.33,48.718,0.536,12.319,94.7,0
1419.111,91.366,44.852,0.0,13.448,119.719,0
1228.049,74.737,27.471,2.027,13.0,84.621,0
3666.127,111.474,30.738,4.621,13.335,71.602,0
2703.249,73.016,35.443,0.477,13.602,117.676,0
1885.61,89.259,38.613,3.76,14.448,170.115,0
2797.509,77.408,54.609,0.79,13.433,98.526,1
750.0,99.986,28.045,2.691,13.059,61.777,0
2452.194,87.36,37.711,3.774,13.484,76.461,0
2663.084,84.739,53.436,1.313,13.108,198.387,0
3050.776,103.945,38.401,2.807,12.959,91.071,0
1790.968,92.412,47.525,1.753,12.348,58.251,0
2505.697,99.233,40.325,3.769,13.863,33.472,1
1848.474,78.261,45.081,2.924,13.288,5.0,1
2615.999,72.333,39.258,2.602,14.67,101.361,1
1868.025,93.501,50.005,5.305,12.497,114.459,0
2184.734,87.536,23.459,3.692,13.312,67.149,0
1802.72,100.77,37.64,1.257,15.2,84.326,1
2873.239,90.881,45.559,2.345,12.954,32.329,1
3007.993,94.871,48.404,2.363,13.587,90.982,0
2297.497,69.273,59.915,2.645,12.706,106.667,1
2474.855,118.438,37.308,7.044,12.586,60.918,0
1508.416,89.701,59.754,3.168,15.193,161.07,1
2255.21,101.766,34.092,0.0,13.954,47.33,1
2417.367,80.295,57.944,1.523,13.92,97.756,1
4153.516,96.312,51.81,0.0,12.273,123.174,0
1727.221,73.76,31.038,1.906,14.123,81.522,0
3401.715,98.329,45.684,0.0,14.842,76.519,1
3097.958,87.016,41.385,0.931,14.835,20.701,1
2632.414,92.409,49.507,0.0,14.401,146.08,1
3593.103,101.772,39.321,3.191,12.783,77.355,0
2691.869,74.744,38.313,2.501,14.082,109.181,1
2702.953,82.417,58.429,3.045,14.401,115.272,1
2415.472,98.403,40.815,2.312,12.185,56.727,0
3245.32,121.375,51.917,0.0,12.791,76.111,1
3162.705,90.067,39.296,3.424,14.599,145.052,0
2043.31,100.276,62.0,5.96,14.588,34.726,1
1592.489,90.502,33.86,3.237,12.406,180.756,0
2318.063,119.191,34.63,1.733,14.516,51.481,1
1929.975,67.539,60.294,0.0,13.886,31.922,1
2408.709,93.325,36.661,0.865,14.503,90.954,1
3254.335,69.242,61.213,3.315,13.229,184.376,0
2152.754,65.0,52.702,4.432,14.381,5.0,1
2422.165,96.164,40.144,2.97,14.559,78.654,1
2487.715,93.953,20.24,3.94,13.484,106.432,0
3001.48,88.012,41.768,3.774,13.816,86.514,0
989.522,90.513,43.22,3.412,13.216,102.186,0
2055.645,125.0,56.007,1.315,15.2,52.689,1
2587.334,88.386,61.061,2.813,13.692,58.013,1
3230.051,99.142,33.78,0.973,12.97,78.321,0
2130.263,82.909,51.614,2.531,13.156,34.155,1
1230.241,96.133,51.185,3.096,13.914,82.989,1
2852.812,88.665,54.881,5.522,14.478,67.506,1
2037.014,86.253,47.984,0.142,12.598,63.848,1
1676.717,117.465,18.69,3.367,15.2,99.423,0
2044.175,108.481,40.135,5.166,14.078,5.0,0
2330.059,93.914,28.132,3.866,14.22,74.691,0
2056.916,65.0,39.569,3.999,13.713,189.281,0
1016.382,86.946,53.76,3.558,13.817,36.125,1
3033.093,125.0,45.662,4.837,13.667,142.848,0
3278.669,88.771,55.777,0.543,14.716,87.46,1
2873.489,107.445,46.101,0.005,13.793,57.867,1
1710.504,112.187,26.42,2.489,14.49,25.571,1
2319.031,95.065,11.75,0.0,13.41,91.286,0
2445.761,80.214,43.786,4.715,13.976,150.403,0
2839.216,65.0,39.433,4.697,13.076,67.485,0
2884.421,101.578,30.277,1.72,14.895,81.357,0
1972.787,80.593,21.592,1.833,13.05,130.467,0
2503.297,94.466,33.183,2.37,13.508,100.339,0
2747.232,74.503,39.666,2.594,13.517,14.248,1
3396.285,88.287,49.991,2.729,13.481,89.45,1
2907.929,92.472,44.264,3.505,14.45,153.051,1
2962.887,95.76,61.297,2.189,13.515,83.338,1
2504.487,76.392,29.573,4.198,15.055,5.0,1
3366.798,108.757,52.573,3.303,13.063,102.47,0
2716.346,83.643,42.568,1.407,13.952,76.069,1
1890.293,68.557,50.336,4.903,13.102,5.0,1
3362.19,90.474,36.762,0.055,14.179,9.436,1
2903.637,92.481,54.86,2.334,13.786,128.88,0
2162.021,94.248,45.543,4.24,13.66,52.043,0
2138.33,111.07,33.847,1.198,14.87,44.163,1
2642.774,88.69,41.856,3.057,13.211,83.396,0
2751.07,90.325,39.125,3.478,14.328,56.011,1
2578.24,76.555,47.87,0.951,13.108,89.502,1
2652.351,103.488,27.843,2.37,13.901,75.878,0
3554.972,94.58,41.648,2.218,12.724,31.0,1
3146.503,86.12,46.744,1.507,13.204,61.996,1
2573.913,65.335,42.396,6.643,13.726,104.924,0
3061.852,112.222,58.163,1.126,15.2,86.886,1
1778.859,74.812,51.288,4.309,13.891,81.313,0
2708.653,83.722,41.91,1.793,15.2,172.182,1
3626.049,97.017,44.6,0.544,13.998,117.897,0
2308.27,75.248,45.548,2.685,13.452,123.36,0
1899.038,71.091,46.84,3.668,15.185,77.531,1
2026.142,65.0,20.092,4.157,14.193,94.907,0
1741.739,102.094,38.382,5.312,13.222,65.601,0
1939.905,84.367,24.187,7.801,14.224,119.99,0
2209.17,125.0,57.339,2.951,13.537,80.032,0
1536.381,78.079,41.27,1.306,12.01,95.007,0
2460.152,79.1,39.68,3.315,14.642,92.228,1
3036.48,84.084,52.762,2.021,14.785,84.182,1
1859.958,95.404,47.068,4.167,15.2,217.218,0
3437.535,85.417,28.456,0.165,14.18,55.002,1
2782.015,100.573,41.149,6.763,13.576,54.593,0
3119.877,78.3,37.978,4.041,14.551,116.234,1
2022.408,72.658,21.066,0.0,14.565,58.217,1
3005.441,66.825,33.717,1.224,15.2,71.887,1
1740.243,65.0,39.798,3.969,13.76,36.112,1
3028.661,84.747,40.621,4.617,13.651,107.12,0
2561.696,87.786,24.213,0.21,13.156,107.692,0
2809.613,83.16,55.82,3.783,14.284,70.816,1
1685.864,109.408,40.775,0.0,12.407,117.167,0
1868.205,109.192,42.451,2.339,14.498,5.0,1
2838.198,87.313,46.808,4.502,14.329,53.192,1
1833.574,66.885,32.543,1.507,14.327,77.351,0
2751.084,84.066,47.476,0.0,13.924,32.247,1
1561.36,83.603,37.595,2.763,15.18,6.308,1
3001.313,82.8,31.241,1.412,14.585,71.145,0
1648.86,82.232,48.881,3.633,13.254,116.231,0
2808.995,82.852,59.9,0.906,13.27,142.695,0
2856.66,86.588,50.698,1.109,13.008,60.372,1
1997.098,83.102,53.076,0.0,14.296,117.995,1
2828.317,94.917,35.752,2.806,12.9,113.644,0
2619.287,97.045,22.829,2.21,14.775,139.837,1
2099.753,79.251,59.882,0.361,14.991,69.241,1
1794.439,109.795,66.654,2.849,13.009,5.0,1
1174.293,78.279,60.514,4.349,13.633,88.158,1
2677.273,69.351,37.971,2.112,13.815,39.379,1
1432.878,97.331,28.144,2.983,14.596,52.442,0
2511.974,80.556,29.212,2.992,15.2,71.445,1
2278.759,96.498,21.795,0.332,12.283,69.748,0
2891.443,65.0,40.711,6.202,13.514,91.37,0
2253.67,111.494,61.268,1.652,13.561,116.642,0
2235.859,101.412,40.3,3.681,12.539,68.452,0
2925.716,70.993,45.628,3.885,13.363,102.806,0
2667.788,71.297,58.507,2.249,14.185,85.667,1
2655.501,115.412,37.151,3.592,13.549,127.097,0
2755.024,81.677,66.426,2.942,12.41,76.513,0
1451.878,80.321,65.905,0.0,15.2,81.448,1
2941.913,65.0,40.427,1.902,14.04,68.152,1
2848.105,87.089,35.07,1.397,13.901,77.699,1
1789.156,88.812,50.367,1.669,12.812,49.743,1
2291.348,102.017,37.83,0.153,14.035,45.283,1
2424.45,72.413,28.121,4.528,13.652,119.909,0
2362.577,70.716,57.375,5.384,12.1,36.256,1
2667.009,98.313,56.597,4.26,12.837,70.64,0
3380.388,106.094,43.866,4.787,14.515,130.69,0
3153.148,70.004,26.846,1.88,15.2,69.128,1
1597.058,107.141,27.246,1.355,14.13,122.293,0
2854.345,92.526,43.287,1.099,14.793,58.403,1
3313.807,107.285,36.002,3.659,13.66,37.698,0
2701.426,91.017,37.907,2.909,13.722,13.233,1
3159.137,65.0,54.264,2.361,14.782,144.073,1
3757.976,89.872,50.798,4.831,15.2,33.841,1
3115.411,106.842,58.538,3.229,14.971,118.623,1
2612.051,79.488,30.113,0.99,12.84,40.002,1
3129.308,86.568,37.882,1.274,13.74,144.282,0
2544.177,89.534,51.108,3.728,14.05,184.305,0
2465.537,65.0,47.377,4.375,13.566,9.106,1
2221.581,115.399,60.389,3.493,14.149,36.186,1
3466.219,79.381,47.046,5.914,14.539,119.791,0
1918.021,99.08,64.177,5.443,14.703,108.087,1
3446.039,90.786,48.48,3.294,15.2,119.961,1
2774.912,109.607,54.746,0.991,13.504,59.181,1
1540.451,97.685,38.118,0.142,12.572,174.439,0
2688.972,88.711,42.171,1.803,14.122,90.312,1
1084.983,79.491,52.931,3.856,15.2,30.237,1
2856.58,103.17,61.356,5.788,13.371,73.608,0
3025.4,65.772,50.751,3.251,14.418,30.839,1
2064.969,101.042,41.002,4.604,14.426,156.592,0
2530.306,76.613,58.528,2.058,13.972,55.285,1
3720.202,109.532,15.696,3.621,13.806,107.162,0
2121.265,94.258,24.933,3.982,12.969,63.82,0
1761.71,101.018,50.18,0.0,11.747,57.308,1
3413.081,93.148,42.169,1.756,12.799,5.0,1
3725.682,67.467,49.266,4.209,13.449,111.918,0
2452.402,79.95,42.773,2.994,14.788,143.463,1
3107.451,101.413,48.851,0.346,13.707,43.781,1
3321.959,94.333,32.227,0.0,13.333,15.465,1
1967.385,108.534,48.846,1.842,12.998,121.149,0
2134.551,97.646,53.933,2.371,14.391,10.919,1
3250.068,78.466,56.647,0.909,15.023,139.879,1
3545.259,80.855,66.163,2.758,14.757,44.302,1
2815.873,93.441,44.929,3.411,14.346,35.352,1
1878.121,65.0,45.287,3.707,12.472,96.181,0
3741.59,115.428,23.722,0.0,13.483,38.284,1
2104.869,98.184,35.623,0.134,15.2,53.18,1
2232.16,109.178,39.683,1.952,14.81,100.929,0
2672.52,69.872,54.604,3.53,12.416,5.0,1
3460.204,109.424,34.668,3.381,13.75,158.909,0
3005.084,123.241,51.556,3.349,14.127,86.964,1
2719.663,73.508,41.981,1.81,13.114,26.817,1
2751.138,102.8,39.874,1.91,11.722,39.224,0
2478.285,92.016,44.987,1.189,13.889,129.624,0
2812.791,70.378,37.306,3.883,13.091,112.047,0
805.786,98.9,36.852,0.843,13.095,147.405,0
2257.205,103.67,21.543,4.03,13.481,54.277,0
2606.859,83.584,39.025,2.874,13.68,98.346,0
1701.841,108.323,36.24,2.419,13.792,104.196,0
2701.11,68.665,35.808,1.318,13.004,116.287,0
2317.094,71.073,47.002,0.06,13.602,135.728,0
3591.059,93.912,49.904,1.334,12.218,52.723,0
3472.463,92.355,44.786,1.906,14.08,79.862,1
2147.226,81.968,53.945,0.0,11.229,57.543,0
2351.955,103.334,48.907,2.145,13.539,82.632,1
2401.934,99.433,38.459,4.164,14.627,116.429,0
2156.421,104.014,36.446,3.521,12.847,10.568,0
2576.766,90.276,45.754,1.607,14.445,134.922,0
1957.117,100.436,48.885,2.584,14.84,33.737,1
1715.1,85.761,58.774,1.499,10.823,71.168,0
2854.762,120.753,56.294,2.768,13.664,140.977,0
2859.194,80.624,35.502,5.272,11.212,99.76,0
1927.195,121.474,40.776,4.243,13.694,100.279,0
3031.981,92.488,50.052,3.437,13.794,31.872,1
2039.474,72.743,54.816,1.613,11.566,38.016,0
2614.557,111.153,53.268,3.85,15.2,127.357,1
2983.224,93.763,41.233,0.0,14.057,58.489,1
2428.152,103.916,26.952,2.046,13.036,62.729,0
2745.582,109.134,30.013,3.551,15.119,128.378,0
2114.321,96.731,45.272,3.833,12.184,37.754,0
2322.297,83.709,46.107,3.706,12.694,97.116,0
2316.191,105.66,28.816,3.031,11.73,86.931,0
1964.724,92.011,42.535,2.148,15.2,84.879,1
2335.097,101.602,49.575,3.468,14.099,61.67,1
1443.398,65.0,28.185,0.785,14.393,58.907,1
2130.75,98.258,55.26,0.98,14.071,36.474,1
2264.831,83.06,37.47,2.611,14.316,106.72,0
2283.483,115.146,57.091,2.812,13.87,54.933,1
2293.027,100.723,35.599,0.0,14.044,128.594,1
2409.853,95.358,29.68,3.319,13.897,74.895,0
2761.637,98.808,36.502,3.891,13.252,37.37,1
3018.436,78.022,40.858,2.361,13.758,74.298,1
2027.653,114.726,37.338,6.774,14.046,66.511,0
1667.919,119.879,39.408,1.271,13.899,130.41,0
1772.671,97.501,46.008,1.85,12.47,68.395,0
2133.318,114.266,39.946,1.789,12.59,72.571,0
2221.251,84.032,41.207,2.363,14.775,148.52,0
1949.503,80.84,21.489,1.908,13.524,107.872,0
1607.524,92.573,46.7,0.0,14.326,159.822,0
2153.521,98.089,40.93,1.516,12.817,141.657,0
2567.927,86.484,61.324,2.324,12.474,45.078,1
2836.769,99.529,30.725,4.711,13.041,129.548,0
2087.675,96.289,20.3,6.464,13.6,153.639,0
2181.551,78.024,49.417,4.904,13.201,153.977,0
1847.646,99.263,46.158,1.104,14.965,129.464,1
2429.565,104.089,29.899,1.248,13.962,128.539,0
1898.521,94.401,23.643,2.213,15.2,71.38,1
2822.533,108.137,60.449,5.712,14.164,47.318,0
1289.187,74.956,58.969,2.202,11.629,69.15,0
2216.241,98.551,12.151,0.11,14.75,10.084,1
2645.72,75.616,36.501,1.598,12.441,145.426,0
2569.492,76.403,61.97,3.863,14.007,72.252,1
4200.472,83.167,36.287,3.742,13.103,143.11,0
2677.37,78.811,36.113,2.14,15.2,29.583,1
1797.365,84.328,38.607,3.73,15.096,133.718,0
2387.948,89.002,28.549,0.0,13.132,62.73,0
1295.44,103.72,21.543,2.687,13.685,27.203,0
2397.61,87.504,54.631,4.049,14.02,158.22,0
1908.514,69.801,19.885,1.001,14.577,134.829,0
3045.004,107.961,44.967,0.995,13.826,94.531,1
2092.799,80.281,52.639,0.0,12.878,86.527,1
2374.102,91.178,24.585,5.362,13.154,104.778,0
2036.887,98.252,30.909,1.204,13.796,93.758,0
3580.253,94.795,56.558,2.934,14.911,49.348,1
2241.192,107.319,48.395,3.587,14.185,66.458,1
3641.162,98.706,34.593,5.222,13.104,173.232,0
2979.199,79.942,56.427,2.223,14.384,205.247,0
2763.343,122.5,56.478,1.529,13.452,155.32,0
2689.677,94.721,45.229,2.812,14.601,106.52,0
2705.968,89.937,31.198,4.811,15.2,69.801,0
1197.013,105.495,37.039,2.194,13.477,49.082,0
2268.726,95.492,45.437,0.781,14.521,52.047,1
2999.353,97.589,39.737,0.0,13.129,60.103,1
2418.217,125.0,53.267,0.302,13.699,181.802,0
1536.627,88.148,23.643,4.056,13.827,166.283,0
2415.937,87.551,24.069,1.923,13.626,118.583,0
3557.669,93.632,44.17,1.406,15.2,41.772,1
3260.48,107.001,36.101,1.211,13.524,125.188,0
2409.697,70.909,34.475,2.653,14.328,74.262,0
3068.442,65.0,20.783,2.069,12.063,5.0,1
2211.77,83.78,42.235,2.008,14.189,97.92,1
1342.483,69.125,41.367,4.929,14.828,47.114,1
1849.097,86.052,49.842,5.268,13.325,48.638,1
3465.878,99.035,42.827,0.0,11.541,73.732,0
2271.904,79.53,40.409,3.09,13.765,62.575,1
2291.8,72.024,56.124,1.102,13.815,83.458,1
2255.105,92.971,26.25,2.053,14.452,81.295,1
3687.689,104.076,48.437,3.057,15.2,5.0,1
3506.873,68.27,21.946,2.117,13.458,153.413,0
3892.207,103.483,31.94,2.915,13.029,40.748,0
2346.621,103.442,27.448,3.711,12.75,42.142,0
2642.156,105.357,51.383,3.03,13.978,70.215,1
1464.182,109.059,41.215,1.336,14.231,80.125,1
3410.007,122.828,41.838,1.367,13.309,150.654,1
1690.943,87.015,28.719,0.0,14.501,97.124,1
2590.904,93.534,38.404,0.963,14.219,110.491,0
1736.753,86.17,32.838,6.032,13.839,97.354,0
2067.237,92.028,46.601,1.074,12.988,95.416,0
1905.779,113.46,30.107,0.352,13.366,98.938,0
2054.881,73.17,57.958,3.076,11.613,5.0,1
2099.57,79.945,21.893,2.301,14.012,73.754,1
2093.625,111.281,32.322,2.148,13.824,137.302,0
2991.667,106.281,62.126,5.036,13.97,262.405,0
1731.839,86.916,36.778,3.488,14.254,30.806,1
2593.352,103.962,26.221,1.546,14.147,104.039,0
3241.673,96.777,44.629,1.736,13.701,59.303,1
2116.422,113.004,36.295,1.595,13.844,177.144,0
1983.353,93.043,31.97,4.075,12.536,24.08,0
2300.159,106.359,28.85,1.945,13.275,113.122,0
3216.821,125.0,75.0,0.0,13.845,21.676,1
2576.17,100.373,38.981,2.413,13.138,70.664,0
2104.711,92.691,18.893,0.0,14.574,83.456,1
2764.52,102.114,59.925,6.432,13.207,133.136,0
1733.51,86.886,49.333,0.762,13.995,36.527,1
2892.884,125.0,32.802,2.209,13.905,114.852,1
2715.595,94.521,30.803,2.965,14.472,85.845,1
2249.924,88.179,50.082,1.98,14.611,97.276,1
1904.919,80.3,39.037,1.978,14.425,128.125,0
1873.657,107.361,18.888,3.259,11.905,27.285,0
2797.631,104.141,63.447,5.247,14.875,121.477,1
3248.837,85.037,36.792,3.882,15.175,59.399,1
2035.75,100.07,59.947,5.161,13.366,134.314,0
2747.951,70.88,57.341,0.616,14.013,100.055,1
1093.432,94.59,29.988,3.071,12.998,75.571,0
2069.998,98.339,54.398,2.779,12.046,58.449,0
2429.812,115.903,34.183,3.132,13.135,122.048,0
1858.706,81.209,19.6,4.977,13.314,141.743,0
1841.271,74.103,36.905,2.103,13.481,61.022,1
2015.943,79.464,46.772,1.77,12.937,34.015,1
2639.925,73.288,36.447,3.461,13.14,116.239,1
2328.236,110.713,38.315,0.0,13.79,19.816,1
995.15,113.681,55.723,2.074,13.107,26.252,1
1071.545,96.483,43.278,2.258,14.289,37.178,0
2055.538,109.098,31.88,0.843,14.413,66.305,1
2747.496,93.875,50.424,4.403,15.2,24.865,1
750.0,90.668,44.372,0.588,14.813,5.0,1
2125.175,87.337,11.741,2.255,14.019,33.905,1
2107.939,87.655,47.14,3.028,13.242,113.911,0
3352.42,70.331,46.702,4.936,14.064,27.781,1
2199.736,95.7,42.241,2.481,14.094,69.688,1
2698.943,91.435,52.7,4.185,13.338,172.601,0
2541.817,102.435,33.931,3.761,14.505,82.787,1
1065.132,93.309,46.038,2.722,12.542,100.414,0
2949.335,89.722,23.196,0.539,13.58,42.428,1
2590.008,79.803,46.885,0.0,14.3,182.356,0
2780.375,93.01,65.437,2.692,13.541,60.642,1
5002.055,102.335,30.062,1.523,13.614,74.735,1
1095.327,75.993,32.882,4.155,13.676,144.268,0
3571.053,93.225,33.48,3.843,13.048,76.822,0
2263.159,95.263,43.56,2.168,14.857,87.155,1
2636.764,81.947,29.244,0.416,12.884,72.324,1
2420.417,83.77,47.055,3.419,14.086,72.633,1
2174.246,95.229,52.162,0.668,14.172,101.673,1
2079.609,76.132,48.412,1.135,12.946,109.882,0
2664.181,96.899,20.779,0.737,13.866,56.054,1
1463.837,79.465,53.942,2.251,12.981,50.526,1
2937.876,106.88,53.248,4.606,15.052,57.589,1
2179.474,124.73,51.962,2.491,12.775,21.944,1
1715.455,79.949,46.474,1.702,13.211,13.431,1
2157.492,99.479,44.642,0.0,12.698,98.373,0
3267.147,81.826,54.389,3.494,12.578,127.237,0
2102.032,106.573,65.082,1.095,15.2,124.197,1
2682.995,74.286,30.564,2.712,14.288,5.0,1
1974.878,98.728,54.938,1.862,13.926,73.972,1
2942.649,79.778,40.965,4.009,13.209,35.406,1
2895.58,89.102,40.444,2.217,14.617,91.468,1
3651.596,77.566,23.562,2.394,13.058,66.198,0
2335.883,103.513,38.583,3.374,14.514,111.636,0
2884.626,80.282,30.033,6.292,13.015,84.138,0
2513.744,99.727,36.434,4.099,13.22,5.0,0
3292.317,87.183,28.822,2.341,14.482,41.481,1
1982.759,90.397,36.613,2.506,14.577,85.26,0
2934.253,94.069,37.127,1.555,14.338,89.055,1
2323.447,81.334,43.161,0.79,12.855,21.745,1
2408.278,94.945,22.623,1.505,13.398,15.859,0
2509.639,113.425,24.654,1.11,13.941,87.531,1
2613.956,81.107,46.343,3.676,13.036,21.835,1
2374.451,108.405,32.431,0.572,15.034,9.912,1
2589.564,112.973,54.894,4.9,11.638,64.969,0
3475.777,80.574,44.703,3.854,13.099,63.02,0
3090.542,71.629,49.281,2.537,13.341,45.472,1
3014.95,96.227,58.928,2.501,11.24,53.332,0
2153.899,84.336,38.283,1.497,12.543,85.623,0
1871.993,118.16,35.106,2.986,14.363,52.593,1
3070.945,92.487,52.46,4.459,13.827,88.181,0
3019.43,80.769,48.114,1.234,15.2,67.879,1
3407.236,75.94,39.752,0.0,15.191,92.544,1
2057.413,107.259,58.697,3.766,14.19,124.519,0
2300.793,84.003,39.453,3.084,14.082,122.766,1
1384.335,92.614,42.393,0.484,13.859,142.969,1
2194.894,105.381,42.255,1.18,11.41,122.717,0
3097.771,85.22,30.785,0.954,12.545,95.735,0
2146.778,91.357,42.931,1.196,13.891,65.496,1
2866.312,91.768,58.761,1.917,14.354,67.551,1
2326.173,101.567,47.34,2.02,14.061,45.5,1
2660.637,100.27,42.373,1.329,12.997,85.204,0
1704.001,88.918,40.059,1.135,14.644,116.382,0
2505.386,92.891,45.97,2.088,15.134,52.345,1
750.0,86.795,50.997,2.802,14.644,83.325,1
2328.517,71.313,49.311,1.931,14.691,54.519,1
1390.192,95.606,38.018,4.586,13.297,94.421,0
3233.896,118.491,45.897,3.415,14.768,60.278,1
2955.315,79.628,47.759,0.0,13.931,51.722,1
2753.336,81.178,29.914,3.443,14.26,54.401,1
3438.654,79.81,44.019,3.59,14.129,107.65,1
1833.204,102.144,16.064,1.717,13.691,80.646,0
3585.786,98.279,47.79,0.0,13.026,65.721,1
3055.925,89.78,49.924,2.515,13.726,96.763,1
2296.239,79.148,50.971,2.486,14.688,66.347,1
3188.153,93.293,37.259,0.481,13.403,135.693,0
1730.909,70.095,45.709,0.0,14.604,41.176,1
1914.066,94.008,59.087,2.342,14.463,76.586,1
2054.417,104.201,58.965,2.08,13.531,21.786,1
2106.164,74.483,41.65,1.749,15.05,69.391,1
1763.238,70.545,43.672,2.35,13.48,9.416,1
3245.004,114.112,55.331,0.515,15.159,118.584,1
2281.745,83.435,23.99,1.717,14.191,119.493,0
2679.128,107.903,38.123,3.46,13.786,120.288,0
2079.272,89.844,58.027,1.87,13.001,86.299,0
1266.608,89.733,53.702,0.0,13.721,45.406,1
2625.537,98.138,46.431,1.649,13.617,48.985,1
1207.034,79.624,23.93,0.574,12.668,153.858,0
2405.388,93.855,41.401,2.981,13.604,149.605,0
1560.595,86.659,34.921,3.074,13.077,90.515,0
3741.729,73.513,45.972,0.0,14.327,61.796,1
3042.386,96.725,32.288,3.866,14.976,146.588,0
2518.74,88.314,29.691,0.498,12.696,53.747,1
3271.409,89.802,17.222,5.307,15.2,95.298,0
1899.895,75.058,56.662,2.412,13.684,145.838,0
2803.262,114.28,37.203,0.256,12.922,47.365,0
2579.877,104.274,43.886,0.444,14.482,122.315,1
2621.613,105.498,41.973,3.127,13.398,108.425,0
3277.03,87.724,29.191,1.796,13.726,83.222,0
2926.12,67.791,26.891,2.326,13.436,40.295,1
2637.67,119.341,29.936,5.403,13.065,52.4,0
1374.323,91.145,33.322,1.241,14.452,98.025,1
1825.97,81.517,46.399,2.608,13.542,20.95,1
2370.239,97.835,32.451,5.056,12.507,90.883,0
2510.692,108.34,62.958,2.987,14.296,109.347,1
1715.368,91.677,54.326,0.0,12.715,129.335,0
4017.59,109.9,51.7,3.41,12.762,22.074,1
3435.656,107.162,40.564,0.407,14.873,144.231,1
2841.377,76.931,60.171,5.032,12.723,161.291,0
2496.824,82.567,39.384,1.019,11.715,103.457,0
2312.064,105.406,41.625,7.845,14.361,38.288,0
1831.253,65.0,44.04,5.141,13.527,70.235,0
2500.362,89.908,50.422,1.066,13.604,82.858,1
2617.539,71.968,49.643,2.536,13.517,97.171,1
1642.856,85.328,36.298,3.857,14.009,85.989,0
2667.215,87.817,35.604,3.911,13.123,97.652,0
2349.082,86.985,49.679,3.296,15.129,80.916,1
1209.925,84.268,50.583,4.754,12.471,96.93,0
1890.75,76.64,37.28,2.279,14.2,64.276,1
2181.156,124.087,22.954,1.84,14.378,69.782,0
3676.997,118.144,39.512,1.876,13.116,59.079,0
2811.76,75.731,49.482,4.045,12.879,171.277,0
1581.937,114.15,63.665,3.157,14.715,150.876,0
2765.924,86.407,27.625,3.024,12.908,109.988,0
1444.252,93.809,36.881,3.931,13.254,144.639,0
3153.749,91.114,37.327,0.0,14.599,120.931,1
2143.769,82.764,58.27,3.058,13.831,93.157,1
2389.136,105.774,41.581,2.893,12.183,17.249,0
3311.768,93.762,31.112,5.504,15.2,73.203,1
1613.344,85.328,48.704,0.0,13.323,69.923,1
1541.873,73.736,37.144,5.303,13.438,34.012,1
2070.66,79.49,27.307,2.636,14.03,18.123,1
3124.946,69.021,31.287,3.38,14.363,107.172,1
1462.425,92.171,62.809,5.517,15.2,99.603,1
750.0,75.247,46.611,3.509,12.306,32.467,0
2156.747,88.282,43.293,3.221,14.543,51.435,1
2808.632,111.181,39.001,2.936,14.469,137.255,0
3230.17,108.79,45.506,1.63,13.677,45.504,1
2148.945,91.548,45.363,2.449,14.509,92.686,1
2182.573,90.781,45.506,1.212,14.641,76.46,1
3200.035,118.318,43.378,2.42,12.556,107.786,0
1234.668,99.291,52.426,0.0,15.2,46.475,1
2197.461,87.411,42.277,3.272,12.397,89.054,0
2573.776,72.036,30.265,2.281,12.778,92.593,0
2741.992,97.514,34.651,1.895,13.564,95.358,0
2118.626,103.611,18.252,2.896,15.2,88.558,1
2472.387,83.157,66.322,0.0,13.523,100.507,1
832.587,96.077,52.353,5.973,13.771,183.63,0
2022.139,86.91,32.039,2.315,15.089,200.258,0
2744.781,89.424,38.618,2.237,13.53,56.235,1
1811.509,65.0,34.357,0.762,12.739,5.0,1
2488.34,88.895,60.511,2.543,13.424,111.797,1
2740.467,105.571,24.961,4.997,15.034,93.381,0
2227.343,83.16,43.374,4.365,13.864,132.747,0
2560.801,92.735,40.698,4.038,15.2,97.82,1
1824.224,81.417,51.922,3.484,14.464,87.637,0
2315.703,97.046,40.752,1.855,13.22,135.801,0
2846.641,88.969,20.901,0.0,13.846,142.095,0
2552.032,78.851,38.987,2.138,13.032,22.605,1
2068.755,110.656,30.334,2.075,13.198,48.253,0
2595.741,105.005,42.955,4.388,15.2,80.248,0
2914.496,83.531,59.21,3.057,14.717,89.43,1
1117.538,98.969,21.127,5.402,14.575,74.831,0
3203.398,99.524,32.397,4.655,13.239,104.539,0
2231.434,100.992,35.368,1.678,15.2,129.825,1
2726.568,68.28,37.42,0.0,14.789,162.522,1
3228.211,106.092,50.882,4.994,15.2,111.051,1
1558.412,84.024,39.917,4.947,15.2,46.645,1
1988.863,86.99,46.99,0.041,12.469,78.368,0
2262.443,125.0,34.491,5.217,12.801,81.609,0
1940.56,96.226,44.759,3.188,12.897,108.159,0
3577.709,86.591,51.334,2.789,12.95,102.468,0
1893.098,65.0,33.212,5.407,14.091,177.268,0
2088.895,111.457,51.376,4.92,13.29,64.232,0
2582.853,73.167,42.628,3.672,15.2,102.314,0
1668.603,77.952,54.546,3.352,15.2,190.962,1
2192.808,87.361,39.583,3.61,13.794,58.666,1
2656.345,111.83,46.575,1.78,15.2,91.532,1
2233.641,102.825,41.513,2.401,15.139,42.48,1
2389.299,89.79,40.845,0.876,13.394,88.694,1
2105.934,96.316,45.107,1.901,11.992,49.89,0
1465.594,83.595,48.442,1.84,13.604,132.106,0
2659.036,93.955,27.005,1.356,13.22,91.629,0
3590.706,93.027,59.204,2.746,13.986,42.907,1
2461.961,105.563,19.684,1.917,13.88,122.826,0
2596.422,105.54,33.782,3.404,13.857,93.085,0
2900.27,98.916,40.869,0.0,14.271,127.877,1
1624.935,86.927,46.948,2.296,12.709,33.355,1
3556.635,102.386,60.914,2.737,14.17,101.597,1
2581.514,90.712,19.701,1.941,13.404,119.8,0
3510.707,76.853,35.908,2.19,13.98,65.948,1
1973.529,86.354,16.478,0.0,14.662,28.345,1
3631.74,93.183,42.379,3.142,12.698,83.128,0
2953.851,104.743,45.26,3.666,13.547,140.265,0
2809.476,89.431,61.09,3.388,13.693,135.667,0
2602.116,75.071,43.448,4.37,13.337,65.721,0
2288.456,92.794,54.528,2.863,14.61,27.261,1
3230.346,93.588,49.006,3.362,13.152,65.597,0
2541.234,94.602,36.777,2.781,13.3,63.919,0
1171.405,104.878,25.092,3.738,13.161,105.09,0
1723.829,106.265,45.3,0.0,14.783,80.275,1
2329.2,83.681,24.095,0.892,13.357,51.103,0
2651.499,83.374,57.542,5.356,14.214,134.692,0
2413.217,77.437,40.055,0.0,15.2,91.319,1
3242.331,101.783,56.342,2.248,13.733,104.594,1
1181.784,112.283,36.237,4.61,14.801,7.376,1
2543.332,87.589,45.226,2.332,15.2,5.0,1
1268.314,88.62,44.512,1.771,14.724,20.31,1
2943.813,112.535,41.459,2.733,13.785,63.376,0
2388.602,99.078,36.808,1.864,14.378,110.936,1
2722.746,98.107,46.709,2.556,12.641,5.0,1
1888.476,75.327,30.886,1.27,13.098,156.678,0
3281.652,101.502,27.487,4.496,13.256,92.675,0
3127.121,78.992,56.914,5.062,15.2,146.213,1
2829.304,76.124,50.726,2.26,13.069,45.131,1
2365.814,87.145,42.791,0.004,13.055,107.674,1
2826.907,83.799,61.982,1.557,12.86,88.834,1
1990.52,88.898,38.787,2.169,14.304,121.796,1
3006.111,71.826,57.872,3.41,13.928,74.479,1
3522.163,105.423,44.107,0.686,14.778,106.295,1
3145.897,107.788,29.703,1.116,14.404,134.599,1
1975.758,65.0,64.176,3.419,12.558,55.697,1
2684.921,105.698,53.889,4.19,13.073,95.901,0
1609.458,80.653,40.548,1.381,15.029,5.0,1
2822.054,103.998,50.726,0.1,13.617,116.613,1
2742.892,91.042,37.156,8.411,14.869,172.96,0
1234.619,92.403,51.95,3.91,13.665,29.0,0
1694.841,89.409,13.307,2.019,12.929,80.888,0
2265.96,108.97,29.762,4.064,13.527,124.622,0
2254.441,74.646,53.751,2.276,12.929,86.414,1
1663.84,100.51,39.004,4.061,13.291,92.429,0
2702.836,107.419,44.491,2.787,13.981,67.405,1
2613.458,102.029,25.839,2.664,14.26,65.733,1
2323.725,124.546,64.174,2.296,12.369,81.099,0
1958.736,84.595,56.286,0.0,13.784,86.875,1
3131.66,105.402,39.592,5.989,13.272,31.835,0
3526.015,90.515,37.144,0.805,13.216,82.029,1
2135.685,109.268,54.355,0.052,13.919,155.584,1
2052.092,91.892,65.79,2.117,13.305,66.139,1
2769.285,86.57,53.445,0.769,15.044,29.324,1
2217.281,110.285,68.062,2.407,14.869,78.186,1
2359.392,85.118,30.932,3.738,14.864,52.842,1
2930.775,72.222,32.167,4.292,13.355,24.775,0
1208.919,84.764,27.733,3.967,12.934,91.263,0
3306.897,100.666,47.301,1.95,13.874,53.037,1
2497.242,111.489,44.107,2.589,13.665,56.888,1
2182.529,93.556,40.177,3.234,13.252,91.904,0
2391.998,110.455,51.711,0.0,12.742,16.007,1
2425.579,72.986,56.788,3.527,13.763,6.629,1
1324.719,85.794,23.692,0.0,13.436,115.189,0
3421.71,87.96,34.836,6.173,14.42,5.0,1
2476.862,90.396,51.842,1.772,14.399,41.05,1
2737.951,93.177,36.387,2.167,14.791,5.0,1
3068.507,101.673,32.422,1.115,12.667,63.124,0
1786.244,85.773,54.222,1.366,14.161,104.263,0
2757.757,93.946,26.526,6.593,13.145,90.055,0
2276.033,91.368,38.381,4.193,12.702,192.634,0
3000.401,79.038,45.944,0.0,13.414,133.911,0
1067.302,90.409,35.114,5.208,14.762,43.098,1
2385.589,89.989,51.398,4.648,13.465,31.133,1
2058.167,89.689,35.173,1.994,15.2,206.801,0
2730.971,92.445,58.903,3.052,14.294,132.816,1
2755.529,93.059,40.491,2.473,13.445,111.522,0
1990.043,85.948,50.055,6.051,14.844,88.368,1
1987.087,109.818,50.952,1.067,14.201,97.308,1
2378.068,75.627,34.47,2.763,12.961,18.307,1
1867.183,81.906,17.358,1.729,15.2,92.067,1
2997.289,125.0,46.329,0.0,14.034,88.205,1
2210.015,77.468,42.867,6.445,13.817,44.314,0
750.0,73.047,48.67,0.373,13.03,60.766,1
2206.366,102.283,39.282,2.896,14.862,153.183,0
1774.947,65.0,36.835,0.0,14.266,79.367,1
1389.671,88.706,66.102,1.782,14.366,178.203,0
1645.673,122.042,24.332,3.26,13.343,6.669,1
2521.116,70.371,50.807,1.015,14.551,61.504,1
3313.617,65.0,35.105,3.556,14.621,15.372,1
2653.57,71.011,37.971,2.016,13.198,30.576,1
2055.773,104.577,38.195,4.588,12.525,47.731,0
2746.338,107.747,32.359,4.951,14.323,99.189,0
2151.591,84.824,48.855,1.444,12.384,97.007,0
1998.51,101.565,58.688,2.638,13.937,54.432,0
1699.664,111.464,47.64,2.83,13.397,5.0,1
1311.311,117.023,43.241,3.615,14.897,151.496,0
2196.55,88.551,30.163,2.526,13.446,72.141,0
2552.735,65.0,48.202,2.842,14.797,34.767,1
2387.195,80.508,67.876,2.062,13.337,97.372,1
2179.621,86.025,37.432,2.707,14.7,94.2,1
1835.265,88.375,37.488,4.836,15.2,70.48,0
2845.36,89.37,35.267,3.663,12.839,91.684,0
1593.864,107.665,36.127,3.762,14.063,33.024,0
2954.418,109.842,10.0,3.802,15.2,119.196,0
1798.559,89.597,46.86,2.223,13.86,40.141,1
1960.917,107.379,31.853,3.074,13.856,57.749,0
1496.59,97.007,22.677,0.547,14.51,114.196,0
2124.089,92.903,51.038,4.784,13.837,139.178,0
3083.953,104.692,29.016,0.0,12.263,156.36,0
2785.158,93.012,37.936,2.343,14.819,132.511,0
3085.974,120.809,59.597,4.554,11.997,70.417,0
2789.393,71.862,25.089,0.045,13.425,15.654,1
1732.615,84.788,23.609,3.22,14.887,148.228,1
2234.987,90.229,45.232,1.275,13.479,146.681,0
1942.871,98.152,55.794,1.836,13.176,54.761,1
3314.874,109.751,23.108,4.203,14.591,126.454,0
1672.087,91.658,46.892,2.857,13.034,70.052,0
3030.903,72.089,48.972,0.0,12.7,152.557,0
3030.42,103.795,17.29,0.742,14.047,61.831,0
3639.253,102.569,51.582,4.256,13.635,174.039,0
2183.704,65.0,52.519,3.308,12.681,120.375,0
2913.009,91.947,38.259,5.647,14.373,165.89,0
3933.074,69.738,57.028,5.529,14.218,64.129,1
2048.533,82.695,55.637,1.884,13.476,103.226,1
1452.224,79.361,43.237,7.006,13.538,41.382,0
1227.993,103.33,36.583,2.544,14.223,122.98,0
2913.263,93.636,30.326,0.767,14.871,125.457,1
1225.952,74.002,41.549,1.359,13.545,192.866,0
2207.993,104.321,48.837,0.0,14.389,106.692,1
2734.254,71.927,38.11,5.393,14.309,117.584,0
